	sub	emotion	score	tk	kernel	beta
0	01	anger	0.5271095493904383	Darwin	sigmoid	1
1	02	anger	0.6292996723550945	Darwin	sigmoid	1
2	03	anger	0.5589675576412977	Darwin	sigmoid	1
3	04	anger	0.5216496314986672	Darwin	sigmoid	1
4	05	anger	0.5113857900259569	Darwin	sigmoid	1
5	06	anger	0.6400358012735863	Darwin	sigmoid	1
6	07	anger	0.5925208640157094	Darwin	sigmoid	1
7	08	anger	0.5596328815271464	Darwin	sigmoid	1
8	09	anger	0.5241260156274321	Darwin	sigmoid	1
9	10	anger	0.5646318540253071	Darwin	sigmoid	1
10	11	anger	0.5988836552048987	Darwin	sigmoid	1
11	12	anger	0.5840173663168415	Darwin	sigmoid	1
12	13	anger	0.489430596285435	Darwin	sigmoid	1
13	14	anger	0.650429899955092	Darwin	sigmoid	1
14	15	anger	0.4332831280160657	Darwin	sigmoid	1
15	16	anger	0.5156572005938315	Darwin	sigmoid	1
16	17	anger	0.47152362559827754	Darwin	sigmoid	1
17	18	anger	0.6027509881422926	Darwin	sigmoid	1
18	19	anger	0.5253067923316217	Darwin	sigmoid	1
19	20	anger	0.4141563347539713	Darwin	sigmoid	1
20	21	anger	0.5856271634673573	Darwin	sigmoid	1
21	22	anger	0.4792506250115588	Darwin	sigmoid	1
22	23	anger	0.5030115210178674	Darwin	sigmoid	1
23	24	anger	0.5412148507419597	Darwin	sigmoid	1
24	25	anger	0.5596162056661889	Darwin	sigmoid	1
25	26	anger	0.45841970881790317	Darwin	sigmoid	1
26	27	anger	0.48045376243050664	Darwin	sigmoid	1
27	28	anger	0.5504396246123984	Darwin	sigmoid	1
28	29	anger	0.4759454705364996	Darwin	sigmoid	1
29	30	anger	0.532420457054254	Darwin	sigmoid	1
30	31	anger	0.5883345436940208	Darwin	sigmoid	1
31	32	anger	0.5689622870532605	Darwin	sigmoid	1
32	33	anger	0.5450027669949633	Darwin	sigmoid	1
33	34	anger	0.5620061550912615	Darwin	sigmoid	1
34	35	anger	0.5853368869936033	Darwin	sigmoid	1
35	36	anger	0.5348114983640098	Darwin	sigmoid	1
36	37	anger	0.5333180048088495	Darwin	sigmoid	1
37	38	anger	0.4510381402722187	Darwin	sigmoid	1
38	39	anger	0.5580310718536616	Darwin	sigmoid	1
39	40	anger	0.48641680592026737	Darwin	sigmoid	1
40	41	anger	0.47761748717817426	Darwin	sigmoid	1
41	42	anger	0.47121467698461	Darwin	sigmoid	1
42	43	anger	0.5027552138735778	Darwin	sigmoid	1
43	44	anger	0.5752480643989155	Darwin	sigmoid	1
44	45	anger	0.5054566612543483	Darwin	sigmoid	1
45	46	anger	0.5188884100115095	Darwin	sigmoid	1
46	47	anger	0.5539309776303203	Darwin	sigmoid	1
47	48	anger	0.4958781023002421	Darwin	sigmoid	1
48	49	anger	0.5079679290993628	Darwin	sigmoid	1
49	50	anger	0.5771803027736475	Darwin	sigmoid	1
50	51	anger	0.5098480083857442	Darwin	sigmoid	1
51	52	anger	0.5254981447886105	Darwin	sigmoid	1
52	53	anger	0.47280292150191616	Darwin	sigmoid	1
53	54	anger	0.5402079423628637	Darwin	sigmoid	1
54	55	anger	0.4898252544426335	Darwin	sigmoid	1
55	56	anger	0.6407216921458045	Darwin	sigmoid	1
56	57	anger	0.5910024831061025	Darwin	sigmoid	1
57	58	anger	0.5477794766975113	Darwin	sigmoid	1
58	59	anger	0.5030625796135186	Darwin	sigmoid	1
59	60	anger	0.5894329299584485	Darwin	sigmoid	1
60	01	disgust	0.6482865374208131	Darwin	sigmoid	1
61	02	disgust	0.6515036174897766	Darwin	sigmoid	1
62	03	disgust	0.6825013419216317	Darwin	sigmoid	1
63	04	disgust	0.5838336261030864	Darwin	sigmoid	1
64	05	disgust	0.642068045831798	Darwin	sigmoid	1
65	06	disgust	0.7182359430702322	Darwin	sigmoid	1
66	07	disgust	0.6683898659858285	Darwin	sigmoid	1
67	08	disgust	0.6236629493184862	Darwin	sigmoid	1
68	09	disgust	0.6094343666017978	Darwin	sigmoid	1
69	10	disgust	0.7241685890042291	Darwin	sigmoid	1
70	11	disgust	0.7229102751093899	Darwin	sigmoid	1
71	12	disgust	0.6643818134130391	Darwin	sigmoid	1
72	13	disgust	0.7437013270820089	Darwin	sigmoid	1
73	14	disgust	0.7766479305058762	Darwin	sigmoid	1
74	15	disgust	0.733938574487315	Darwin	sigmoid	1
75	16	disgust	0.5551810130594558	Darwin	sigmoid	1
76	17	disgust	0.6134799700622734	Darwin	sigmoid	1
77	18	disgust	0.6232414181204278	Darwin	sigmoid	1
78	19	disgust	0.6371111165085226	Darwin	sigmoid	1
79	20	disgust	0.5402725225929517	Darwin	sigmoid	1
80	21	disgust	0.5913710614843384	Darwin	sigmoid	1
81	22	disgust	0.5985814189335763	Darwin	sigmoid	1
82	23	disgust	0.6097560699093936	Darwin	sigmoid	1
83	24	disgust	0.755839368770563	Darwin	sigmoid	1
84	25	disgust	0.641207633606487	Darwin	sigmoid	1
85	26	disgust	0.6068622709867686	Darwin	sigmoid	1
86	27	disgust	0.6207046690931861	Darwin	sigmoid	1
87	28	disgust	0.5963724029948284	Darwin	sigmoid	1
88	29	disgust	0.7590902196544544	Darwin	sigmoid	1
89	30	disgust	0.5694590055720582	Darwin	sigmoid	1
90	31	disgust	0.6559561969117544	Darwin	sigmoid	1
91	32	disgust	0.7030274894352564	Darwin	sigmoid	1
92	33	disgust	0.6030467117331166	Darwin	sigmoid	1
93	34	disgust	0.7504770162272512	Darwin	sigmoid	1
94	35	disgust	0.584165572418315	Darwin	sigmoid	1
95	36	disgust	0.5096772527625104	Darwin	sigmoid	1
96	37	disgust	0.666424838595264	Darwin	sigmoid	1
97	38	disgust	0.5597372348148746	Darwin	sigmoid	1
98	39	disgust	0.6309410030454222	Darwin	sigmoid	1
99	40	disgust	0.6089951989026063	Darwin	sigmoid	1
100	41	disgust	0.5263218589632706	Darwin	sigmoid	1
101	42	disgust	0.5914423676779617	Darwin	sigmoid	1
102	43	disgust	0.5974214125869215	Darwin	sigmoid	1
103	44	disgust	0.6523487074776213	Darwin	sigmoid	1
104	45	disgust	0.5782507135300052	Darwin	sigmoid	1
105	46	disgust	0.548415877362644	Darwin	sigmoid	1
106	47	disgust	0.7285319287358623	Darwin	sigmoid	1
107	48	disgust	0.5751663121454789	Darwin	sigmoid	1
108	49	disgust	0.5962743875354495	Darwin	sigmoid	1
109	50	disgust	0.7324736723080966	Darwin	sigmoid	1
110	51	disgust	0.7399865086035299	Darwin	sigmoid	1
111	52	disgust	0.5954672301908214	Darwin	sigmoid	1
112	53	disgust	0.6377475893434068	Darwin	sigmoid	1
113	54	disgust	0.6039759320826802	Darwin	sigmoid	1
114	55	disgust	0.7104560198435412	Darwin	sigmoid	1
115	56	disgust	0.697107277666067	Darwin	sigmoid	1
116	57	disgust	0.6878624640482814	Darwin	sigmoid	1
117	58	disgust	0.6102169771824393	Darwin	sigmoid	1
118	59	disgust	0.6169570794419463	Darwin	sigmoid	1
119	60	disgust	0.5850744722744091	Darwin	sigmoid	1
120	01	fear	0.5612710462606944	Darwin	sigmoid	1
121	02	fear	0.6919097299297077	Darwin	sigmoid	1
122	03	fear	0.5832563704294531	Darwin	sigmoid	1
123	04	fear	0.49985982707087057	Darwin	sigmoid	1
124	05	fear	0.578556690091025	Darwin	sigmoid	1
125	06	fear	0.7042902995647904	Darwin	sigmoid	1
126	07	fear	0.6149043303121853	Darwin	sigmoid	1
127	08	fear	0.6714734157347458	Darwin	sigmoid	1
128	09	fear	0.550397661884849	Darwin	sigmoid	1
129	10	fear	0.668542989388625	Darwin	sigmoid	1
130	11	fear	0.562602592782049	Darwin	sigmoid	1
131	12	fear	0.709435770972191	Darwin	sigmoid	1
132	13	fear	0.5442190428737514	Darwin	sigmoid	1
133	14	fear	0.6695466369379414	Darwin	sigmoid	1
134	15	fear	0.6069783793075456	Darwin	sigmoid	1
135	16	fear	0.43725091679365025	Darwin	sigmoid	1
136	17	fear	0.5392424569600126	Darwin	sigmoid	1
137	18	fear	0.49995205358196615	Darwin	sigmoid	1
138	19	fear	0.5208044627128596	Darwin	sigmoid	1
139	20	fear	0.5711246362632952	Darwin	sigmoid	1
140	21	fear	0.42065312654803194	Darwin	sigmoid	1
141	22	fear	0.5026599395084941	Darwin	sigmoid	1
142	23	fear	0.5612253365295962	Darwin	sigmoid	1
143	24	fear	0.5805605200448557	Darwin	sigmoid	1
144	25	fear	0.563140908537328	Darwin	sigmoid	1
145	26	fear	0.5602423584735033	Darwin	sigmoid	1
146	27	fear	0.5532063581514131	Darwin	sigmoid	1
147	28	fear	0.5238695510735198	Darwin	sigmoid	1
148	29	fear	0.5613466955073839	Darwin	sigmoid	1
149	30	fear	0.577640864619013	Darwin	sigmoid	1
150	31	fear	0.5357049409679021	Darwin	sigmoid	1
151	32	fear	0.48561156834705044	Darwin	sigmoid	1
152	33	fear	0.6474506395514296	Darwin	sigmoid	1
153	34	fear	0.5094486438417074	Darwin	sigmoid	1
154	35	fear	0.5155201103940907	Darwin	sigmoid	1
155	36	fear	0.5465404360023773	Darwin	sigmoid	1
156	37	fear	0.5419418324282532	Darwin	sigmoid	1
157	38	fear	0.6043197778866568	Darwin	sigmoid	1
158	39	fear	0.5638451004260499	Darwin	sigmoid	1
159	40	fear	0.6433128093134487	Darwin	sigmoid	1
160	41	fear	0.6484442523768367	Darwin	sigmoid	1
161	42	fear	0.44971414510857016	Darwin	sigmoid	1
162	43	fear	0.47012181738367	Darwin	sigmoid	1
163	44	fear	0.4766955636694923	Darwin	sigmoid	1
164	45	fear	0.6334709609670529	Darwin	sigmoid	1
165	46	fear	0.5081831818291129	Darwin	sigmoid	1
166	47	fear	0.5837059843606994	Darwin	sigmoid	1
167	48	fear	0.5497845117845117	Darwin	sigmoid	1
168	49	fear	0.5188234068207869	Darwin	sigmoid	1
169	50	fear	0.5154548191122543	Darwin	sigmoid	1
170	51	fear	0.5428618397668301	Darwin	sigmoid	1
171	52	fear	0.4487510668821617	Darwin	sigmoid	1
172	53	fear	0.5071666279226261	Darwin	sigmoid	1
173	54	fear	0.42368393456375836	Darwin	sigmoid	1
174	55	fear	0.6012396301088363	Darwin	sigmoid	1
175	56	fear	0.6181444673894338	Darwin	sigmoid	1
176	57	fear	0.5706810271721847	Darwin	sigmoid	1
177	58	fear	0.6585345731949523	Darwin	sigmoid	1
178	59	fear	0.41245724141929496	Darwin	sigmoid	1
179	60	fear	0.5624425816980412	Darwin	sigmoid	1
180	01	happy	0.7585547798599676	Darwin	sigmoid	1
181	02	happy	0.8267190467518276	Darwin	sigmoid	1
182	03	happy	0.7755739200071183	Darwin	sigmoid	1
183	04	happy	0.7696081056762871	Darwin	sigmoid	1
184	05	happy	0.7644013666072491	Darwin	sigmoid	1
185	06	happy	0.8239017338760569	Darwin	sigmoid	1
186	07	happy	0.7340880368954029	Darwin	sigmoid	1
187	08	happy	0.7696871058879894	Darwin	sigmoid	1
188	09	happy	0.7636296408611246	Darwin	sigmoid	1
189	10	happy	0.7742052193610294	Darwin	sigmoid	1
190	11	happy	0.7790152745233395	Darwin	sigmoid	1
191	12	happy	0.8126375388426279	Darwin	sigmoid	1
192	13	happy	0.8222323183520187	Darwin	sigmoid	1
193	14	happy	0.8032963561191567	Darwin	sigmoid	1
194	15	happy	0.7756875859057106	Darwin	sigmoid	1
195	16	happy	0.6774621710605989	Darwin	sigmoid	1
196	17	happy	0.6751538614254516	Darwin	sigmoid	1
197	18	happy	0.7264013213713746	Darwin	sigmoid	1
198	19	happy	0.6967380204840579	Darwin	sigmoid	1
199	20	happy	0.6346098707852282	Darwin	sigmoid	1
200	21	happy	0.6790589857118083	Darwin	sigmoid	1
201	22	happy	0.5951922417341199	Darwin	sigmoid	1
202	23	happy	0.7496335321979398	Darwin	sigmoid	1
203	24	happy	0.7274565776499872	Darwin	sigmoid	1
204	25	happy	0.7222469885231907	Darwin	sigmoid	1
205	26	happy	0.7908410150211982	Darwin	sigmoid	1
206	27	happy	0.7315785461414888	Darwin	sigmoid	1
207	28	happy	0.7663962420334234	Darwin	sigmoid	1
208	29	happy	0.7169693432404725	Darwin	sigmoid	1
209	30	happy	0.6926497889342024	Darwin	sigmoid	1
210	31	happy	0.7799881574920495	Darwin	sigmoid	1
211	32	happy	0.7166851616068404	Darwin	sigmoid	1
212	33	happy	0.7564024688720976	Darwin	sigmoid	1
213	34	happy	0.7624505230421261	Darwin	sigmoid	1
214	35	happy	0.7813027327242331	Darwin	sigmoid	1
215	36	happy	0.7538826826515121	Darwin	sigmoid	1
216	37	happy	0.69718102877382	Darwin	sigmoid	1
217	38	happy	0.6676268496518573	Darwin	sigmoid	1
218	39	happy	0.7277360435999412	Darwin	sigmoid	1
219	40	happy	0.6661409927527091	Darwin	sigmoid	1
220	41	happy	0.6714311151811152	Darwin	sigmoid	1
221	42	happy	0.724522411145928	Darwin	sigmoid	1
222	43	happy	0.6922014522282542	Darwin	sigmoid	1
223	44	happy	0.765616962838592	Darwin	sigmoid	1
224	45	happy	0.7763757484345721	Darwin	sigmoid	1
225	46	happy	0.6787400508119248	Darwin	sigmoid	1
226	47	happy	0.600081491359222	Darwin	sigmoid	1
227	48	happy	0.7002571732199786	Darwin	sigmoid	1
228	49	happy	0.7448954656530002	Darwin	sigmoid	1
229	50	happy	0.6718198425889044	Darwin	sigmoid	1
230	51	happy	0.7894105106065451	Darwin	sigmoid	1
231	52	happy	0.6786450003198772	Darwin	sigmoid	1
232	53	happy	0.6999773471104884	Darwin	sigmoid	1
233	54	happy	0.6907832600553655	Darwin	sigmoid	1
234	55	happy	0.747638226619994	Darwin	sigmoid	1
235	56	happy	0.7691131601533188	Darwin	sigmoid	1
236	57	happy	0.7304527725933075	Darwin	sigmoid	1
237	58	happy	0.7460206837402497	Darwin	sigmoid	1
238	59	happy	0.6901633522727273	Darwin	sigmoid	1
239	60	happy	0.742176175884041	Darwin	sigmoid	1
240	01	sadness	0.7494167898800723	Darwin	sigmoid	1
241	02	sadness	0.6274944629790575	Darwin	sigmoid	1
242	03	sadness	0.6214650299691771	Darwin	sigmoid	1
243	04	sadness	0.6614333257696089	Darwin	sigmoid	1
244	05	sadness	0.6596712332855779	Darwin	sigmoid	1
245	06	sadness	0.6367040727532456	Darwin	sigmoid	1
246	07	sadness	0.6930193808646847	Darwin	sigmoid	1
247	08	sadness	0.6077703067807521	Darwin	sigmoid	1
248	09	sadness	0.6689299663911346	Darwin	sigmoid	1
249	10	sadness	0.689695945945946	Darwin	sigmoid	1
250	11	sadness	0.5947590351445126	Darwin	sigmoid	1
251	12	sadness	0.6769111399705048	Darwin	sigmoid	1
252	13	sadness	0.6549690093088726	Darwin	sigmoid	1
253	14	sadness	0.6959403056518745	Darwin	sigmoid	1
254	15	sadness	0.6956523808050935	Darwin	sigmoid	1
255	16	sadness	0.5931308730117066	Darwin	sigmoid	1
256	17	sadness	0.5898560741583998	Darwin	sigmoid	1
257	18	sadness	0.6354172470054519	Darwin	sigmoid	1
258	19	sadness	0.582914509087217	Darwin	sigmoid	1
259	20	sadness	0.6047131336618133	Darwin	sigmoid	1
260	21	sadness	0.5909042800897506	Darwin	sigmoid	1
261	22	sadness	0.6196080289038961	Darwin	sigmoid	1
262	23	sadness	0.6038325716659743	Darwin	sigmoid	1
263	24	sadness	0.592934949140526	Darwin	sigmoid	1
264	25	sadness	0.6033142565150741	Darwin	sigmoid	1
265	26	sadness	0.6499392890203292	Darwin	sigmoid	1
266	27	sadness	0.6877265718192662	Darwin	sigmoid	1
267	28	sadness	0.6163243069692457	Darwin	sigmoid	1
268	29	sadness	0.6643936220562395	Darwin	sigmoid	1
269	30	sadness	0.6128537135871773	Darwin	sigmoid	1
270	31	sadness	0.6107131263948062	Darwin	sigmoid	1
271	32	sadness	0.6513703570140643	Darwin	sigmoid	1
272	33	sadness	0.6364856694761039	Darwin	sigmoid	1
273	34	sadness	0.6117171717171718	Darwin	sigmoid	1
274	35	sadness	0.5786444097357804	Darwin	sigmoid	1
275	36	sadness	0.5706470922455407	Darwin	sigmoid	1
276	37	sadness	0.6386484172249381	Darwin	sigmoid	1
277	38	sadness	0.6563439808913256	Darwin	sigmoid	1
278	39	sadness	0.6338136697670501	Darwin	sigmoid	1
279	40	sadness	0.6323958757292091	Darwin	sigmoid	1
280	41	sadness	0.5485051323908479	Darwin	sigmoid	1
281	42	sadness	0.5900639206555629	Darwin	sigmoid	1
282	43	sadness	0.6348846222928071	Darwin	sigmoid	1
283	44	sadness	0.5861562503356353	Darwin	sigmoid	1
284	45	sadness	0.6670405589410477	Darwin	sigmoid	1
285	46	sadness	0.5647773045938134	Darwin	sigmoid	1
286	47	sadness	0.6112508455521575	Darwin	sigmoid	1
287	48	sadness	0.6393653960768055	Darwin	sigmoid	1
288	49	sadness	0.6392904741727976	Darwin	sigmoid	1
289	50	sadness	0.46925084534838407	Darwin	sigmoid	1
290	51	sadness	0.6445799575922526	Darwin	sigmoid	1
291	52	sadness	0.5808745912009052	Darwin	sigmoid	1
292	53	sadness	0.6041298222158288	Darwin	sigmoid	1
293	54	sadness	0.47986377708978323	Darwin	sigmoid	1
294	55	sadness	0.6182940980608482	Darwin	sigmoid	1
295	56	sadness	0.6391818344039972	Darwin	sigmoid	1
296	57	sadness	0.6952853890114427	Darwin	sigmoid	1
297	58	sadness	0.5910565028418588	Darwin	sigmoid	1
298	59	sadness	0.620027501415514	Darwin	sigmoid	1
299	60	sadness	0.6326004788386401	Darwin	sigmoid	1
300	01	surprise	0.7989067748273022	Darwin	sigmoid	1
301	02	surprise	0.8384079447823632	Darwin	sigmoid	1
302	03	surprise	0.8483927277030725	Darwin	sigmoid	1
303	04	surprise	0.7243480215199662	Darwin	sigmoid	1
304	05	surprise	0.8063507103460781	Darwin	sigmoid	1
305	06	surprise	0.7791942376619796	Darwin	sigmoid	1
306	07	surprise	0.8953724511885863	Darwin	sigmoid	1
307	08	surprise	0.8509326390973393	Darwin	sigmoid	1
308	09	surprise	0.82754329004329	Darwin	sigmoid	1
309	10	surprise	0.8351578690209425	Darwin	sigmoid	1
310	11	surprise	0.9000209528830493	Darwin	sigmoid	1
311	12	surprise	0.8827314071696095	Darwin	sigmoid	1
312	13	surprise	0.8355117835078979	Darwin	sigmoid	1
313	14	surprise	0.8296715645182722	Darwin	sigmoid	1
314	15	surprise	0.7912449183348136	Darwin	sigmoid	1
315	16	surprise	0.6926620708420839	Darwin	sigmoid	1
316	17	surprise	0.675929815990881	Darwin	sigmoid	1
317	18	surprise	0.7305254371756305	Darwin	sigmoid	1
318	19	surprise	0.7782225495319998	Darwin	sigmoid	1
319	20	surprise	0.7231174591548148	Darwin	sigmoid	1
320	21	surprise	0.7290181126297873	Darwin	sigmoid	1
321	22	surprise	0.6633311761249098	Darwin	sigmoid	1
322	23	surprise	0.7814315332407534	Darwin	sigmoid	1
323	24	surprise	0.8089422926140817	Darwin	sigmoid	1
324	25	surprise	0.7169520735784022	Darwin	sigmoid	1
325	26	surprise	0.7754415810807973	Darwin	sigmoid	1
326	27	surprise	0.791479829370433	Darwin	sigmoid	1
327	28	surprise	0.7550427519725331	Darwin	sigmoid	1
328	29	surprise	0.6958791066095312	Darwin	sigmoid	1
329	30	surprise	0.6414739733318128	Darwin	sigmoid	1
330	31	surprise	0.7719515303413266	Darwin	sigmoid	1
331	32	surprise	0.8047854279276896	Darwin	sigmoid	1
332	33	surprise	0.714058765014179	Darwin	sigmoid	1
333	34	surprise	0.7956545954257626	Darwin	sigmoid	1
334	35	surprise	0.7114713536220091	Darwin	sigmoid	1
335	36	surprise	0.6205040024791626	Darwin	sigmoid	1
336	37	surprise	0.7052746376144614	Darwin	sigmoid	1
337	38	surprise	0.6843151352870201	Darwin	sigmoid	1
338	39	surprise	0.8055776860206008	Darwin	sigmoid	1
339	40	surprise	0.7497554502785455	Darwin	sigmoid	1
340	41	surprise	0.7340601362503858	Darwin	sigmoid	1
341	42	surprise	0.7927029748661627	Darwin	sigmoid	1
342	43	surprise	0.7420873223092544	Darwin	sigmoid	1
343	44	surprise	0.7716341832563048	Darwin	sigmoid	1
344	45	surprise	0.7656409689804713	Darwin	sigmoid	1
345	46	surprise	0.6863315703199672	Darwin	sigmoid	1
346	47	surprise	0.7552588137227662	Darwin	sigmoid	1
347	48	surprise	0.6752168769716089	Darwin	sigmoid	1
348	49	surprise	0.786502060783483	Darwin	sigmoid	1
349	50	surprise	0.8176905233267343	Darwin	sigmoid	1
350	51	surprise	0.807286166842661	Darwin	sigmoid	1
351	52	surprise	0.6876624688531213	Darwin	sigmoid	1
352	53	surprise	0.7677643784786642	Darwin	sigmoid	1
353	54	surprise	0.6760990579181497	Darwin	sigmoid	1
354	55	surprise	0.8251385124601252	Darwin	sigmoid	1
355	56	surprise	0.7266248236395523	Darwin	sigmoid	1
356	57	surprise	0.7496456069484744	Darwin	sigmoid	1
357	58	surprise	0.7719589860340373	Darwin	sigmoid	1
358	59	surprise	0.6942996436239679	Darwin	sigmoid	1
359	60	surprise	0.5618040015505786	Darwin	sigmoid	1
0	01	anger	0.5898864277479334	Matsumoto2008	sigmoid	1
1	02	anger	0.6430080185843321	Matsumoto2008	sigmoid	1
2	03	anger	0.5973040393336448	Matsumoto2008	sigmoid	1
3	04	anger	0.5907610942422558	Matsumoto2008	sigmoid	1
4	05	anger	0.6038748826420721	Matsumoto2008	sigmoid	1
5	06	anger	0.6655261124316498	Matsumoto2008	sigmoid	1
6	07	anger	0.6463107511045656	Matsumoto2008	sigmoid	1
7	08	anger	0.6007901419072725	Matsumoto2008	sigmoid	1
8	09	anger	0.6288243626062324	Matsumoto2008	sigmoid	1
9	10	anger	0.6156129653401797	Matsumoto2008	sigmoid	1
10	11	anger	0.6933914272256242	Matsumoto2008	sigmoid	1
11	12	anger	0.6393978010994503	Matsumoto2008	sigmoid	1
12	13	anger	0.5320313938827264	Matsumoto2008	sigmoid	1
13	14	anger	0.6789097974152987	Matsumoto2008	sigmoid	1
14	15	anger	0.47961439319006083	Matsumoto2008	sigmoid	1
15	16	anger	0.6141161589080529	Matsumoto2008	sigmoid	1
16	17	anger	0.47601252564046614	Matsumoto2008	sigmoid	1
17	18	anger	0.5850656126482214	Matsumoto2008	sigmoid	1
18	19	anger	0.5709439391739377	Matsumoto2008	sigmoid	1
19	20	anger	0.502219746868139	Matsumoto2008	sigmoid	1
20	21	anger	0.5869101147394157	Matsumoto2008	sigmoid	1
21	22	anger	0.49822794301844864	Matsumoto2008	sigmoid	1
22	23	anger	0.5898643198490244	Matsumoto2008	sigmoid	1
23	24	anger	0.5175653493685712	Matsumoto2008	sigmoid	1
24	25	anger	0.5613621115549998	Matsumoto2008	sigmoid	1
25	26	anger	0.5876974630286246	Matsumoto2008	sigmoid	1
26	27	anger	0.5843023255813954	Matsumoto2008	sigmoid	1
27	28	anger	0.5461317969090564	Matsumoto2008	sigmoid	1
28	29	anger	0.4770100836554786	Matsumoto2008	sigmoid	1
29	30	anger	0.5175330776458266	Matsumoto2008	sigmoid	1
30	31	anger	0.6237896393125151	Matsumoto2008	sigmoid	1
31	32	anger	0.5621226594329864	Matsumoto2008	sigmoid	1
32	33	anger	0.5579595216707838	Matsumoto2008	sigmoid	1
33	34	anger	0.5637552446063084	Matsumoto2008	sigmoid	1
34	35	anger	0.5861737739872068	Matsumoto2008	sigmoid	1
35	36	anger	0.5339087110137336	Matsumoto2008	sigmoid	1
36	37	anger	0.5733482564753514	Matsumoto2008	sigmoid	1
37	38	anger	0.4644599946149215	Matsumoto2008	sigmoid	1
38	39	anger	0.6150170185219987	Matsumoto2008	sigmoid	1
39	40	anger	0.5353544998806398	Matsumoto2008	sigmoid	1
40	41	anger	0.5895667460297143	Matsumoto2008	sigmoid	1
41	42	anger	0.5123971828536649	Matsumoto2008	sigmoid	1
42	43	anger	0.5748178770589563	Matsumoto2008	sigmoid	1
43	44	anger	0.5953727254940325	Matsumoto2008	sigmoid	1
44	45	anger	0.6161570135937877	Matsumoto2008	sigmoid	1
45	46	anger	0.588919272832956	Matsumoto2008	sigmoid	1
46	47	anger	0.543949602068025	Matsumoto2008	sigmoid	1
47	48	anger	0.55846700968523	Matsumoto2008	sigmoid	1
48	49	anger	0.5804105657168115	Matsumoto2008	sigmoid	1
49	50	anger	0.5609280206784489	Matsumoto2008	sigmoid	1
50	51	anger	0.6089098532494759	Matsumoto2008	sigmoid	1
51	52	anger	0.6071035558840436	Matsumoto2008	sigmoid	1
52	53	anger	0.5194593992642484	Matsumoto2008	sigmoid	1
53	54	anger	0.5125779244591127	Matsumoto2008	sigmoid	1
54	55	anger	0.5955516442578247	Matsumoto2008	sigmoid	1
55	56	anger	0.6607999621655494	Matsumoto2008	sigmoid	1
56	57	anger	0.631842093036462	Matsumoto2008	sigmoid	1
57	58	anger	0.7169430272108842	Matsumoto2008	sigmoid	1
58	59	anger	0.5371873052009648	Matsumoto2008	sigmoid	1
59	60	anger	0.5752479017332428	Matsumoto2008	sigmoid	1
60	01	disgust	0.7001579759971986	Matsumoto2008	sigmoid	1
61	02	disgust	0.6793383663625878	Matsumoto2008	sigmoid	1
62	03	disgust	0.7181703857066176	Matsumoto2008	sigmoid	1
63	04	disgust	0.6622092550538237	Matsumoto2008	sigmoid	1
64	05	disgust	0.6972919700771467	Matsumoto2008	sigmoid	1
65	06	disgust	0.7997273862817861	Matsumoto2008	sigmoid	1
66	07	disgust	0.7091393737046934	Matsumoto2008	sigmoid	1
67	08	disgust	0.6714696305433774	Matsumoto2008	sigmoid	1
68	09	disgust	0.6775096144935595	Matsumoto2008	sigmoid	1
69	10	disgust	0.7223309258343861	Matsumoto2008	sigmoid	1
70	11	disgust	0.7462233231068417	Matsumoto2008	sigmoid	1
71	12	disgust	0.6947366521795	Matsumoto2008	sigmoid	1
72	13	disgust	0.7722157104259377	Matsumoto2008	sigmoid	1
73	14	disgust	0.7901275868676545	Matsumoto2008	sigmoid	1
74	15	disgust	0.7607708517600205	Matsumoto2008	sigmoid	1
75	16	disgust	0.6000083946407456	Matsumoto2008	sigmoid	1
76	17	disgust	0.597293069997602	Matsumoto2008	sigmoid	1
77	18	disgust	0.6331584170638758	Matsumoto2008	sigmoid	1
78	19	disgust	0.6820762762179258	Matsumoto2008	sigmoid	1
79	20	disgust	0.6204071421870603	Matsumoto2008	sigmoid	1
80	21	disgust	0.6280667113153661	Matsumoto2008	sigmoid	1
81	22	disgust	0.6457546965161178	Matsumoto2008	sigmoid	1
82	23	disgust	0.6394401262504875	Matsumoto2008	sigmoid	1
83	24	disgust	0.6562476916798758	Matsumoto2008	sigmoid	1
84	25	disgust	0.6636570756623672	Matsumoto2008	sigmoid	1
85	26	disgust	0.6763623198746356	Matsumoto2008	sigmoid	1
86	27	disgust	0.6433000013045804	Matsumoto2008	sigmoid	1
87	28	disgust	0.6350193894238904	Matsumoto2008	sigmoid	1
88	29	disgust	0.6795478675730457	Matsumoto2008	sigmoid	1
89	30	disgust	0.6421602888927718	Matsumoto2008	sigmoid	1
90	31	disgust	0.7073932665849845	Matsumoto2008	sigmoid	1
91	32	disgust	0.6469265449847974	Matsumoto2008	sigmoid	1
92	33	disgust	0.613191133865751	Matsumoto2008	sigmoid	1
93	34	disgust	0.7544381357799868	Matsumoto2008	sigmoid	1
94	35	disgust	0.675238424073115	Matsumoto2008	sigmoid	1
95	36	disgust	0.5334769195341575	Matsumoto2008	sigmoid	1
96	37	disgust	0.7173333680573641	Matsumoto2008	sigmoid	1
97	38	disgust	0.5298039176144766	Matsumoto2008	sigmoid	1
98	39	disgust	0.6662792392924253	Matsumoto2008	sigmoid	1
99	40	disgust	0.667136488340192	Matsumoto2008	sigmoid	1
100	41	disgust	0.6033634076542334	Matsumoto2008	sigmoid	1
101	42	disgust	0.660756501182033	Matsumoto2008	sigmoid	1
102	43	disgust	0.6349725306708502	Matsumoto2008	sigmoid	1
103	44	disgust	0.6968720563599546	Matsumoto2008	sigmoid	1
104	45	disgust	0.6397488497404227	Matsumoto2008	sigmoid	1
105	46	disgust	0.5986753321981344	Matsumoto2008	sigmoid	1
106	47	disgust	0.6371834651186068	Matsumoto2008	sigmoid	1
107	48	disgust	0.6497278528528528	Matsumoto2008	sigmoid	1
108	49	disgust	0.6251456418491816	Matsumoto2008	sigmoid	1
109	50	disgust	0.7504033958596916	Matsumoto2008	sigmoid	1
110	51	disgust	0.8275064139425842	Matsumoto2008	sigmoid	1
111	52	disgust	0.6477859465620333	Matsumoto2008	sigmoid	1
112	53	disgust	0.6899075500770415	Matsumoto2008	sigmoid	1
113	54	disgust	0.5645747845967991	Matsumoto2008	sigmoid	1
114	55	disgust	0.741399299525579	Matsumoto2008	sigmoid	1
115	56	disgust	0.7595415740642749	Matsumoto2008	sigmoid	1
116	57	disgust	0.6445625808749953	Matsumoto2008	sigmoid	1
117	58	disgust	0.6766372580029338	Matsumoto2008	sigmoid	1
118	59	disgust	0.6398751873630808	Matsumoto2008	sigmoid	1
119	60	disgust	0.6489645461929101	Matsumoto2008	sigmoid	1
120	01	fear	0.6914620920832101	Matsumoto2008	sigmoid	1
121	02	fear	0.7478830928597854	Matsumoto2008	sigmoid	1
122	03	fear	0.6138059788515269	Matsumoto2008	sigmoid	1
123	04	fear	0.5338048624197431	Matsumoto2008	sigmoid	1
124	05	fear	0.5464674810168373	Matsumoto2008	sigmoid	1
125	06	fear	0.677261981473614	Matsumoto2008	sigmoid	1
126	07	fear	0.5831319234642497	Matsumoto2008	sigmoid	1
127	08	fear	0.6738674772700745	Matsumoto2008	sigmoid	1
128	09	fear	0.6307236534758384	Matsumoto2008	sigmoid	1
129	10	fear	0.7129087488345247	Matsumoto2008	sigmoid	1
130	11	fear	0.6370482100183998	Matsumoto2008	sigmoid	1
131	12	fear	0.7148525790541663	Matsumoto2008	sigmoid	1
132	13	fear	0.6076715622306055	Matsumoto2008	sigmoid	1
133	14	fear	0.6484208996750803	Matsumoto2008	sigmoid	1
134	15	fear	0.585557038423523	Matsumoto2008	sigmoid	1
135	16	fear	0.5659693732312998	Matsumoto2008	sigmoid	1
136	17	fear	0.5678824522486798	Matsumoto2008	sigmoid	1
137	18	fear	0.5240866207364571	Matsumoto2008	sigmoid	1
138	19	fear	0.47869641808573105	Matsumoto2008	sigmoid	1
139	20	fear	0.5497331552277744	Matsumoto2008	sigmoid	1
140	21	fear	0.42981175932629656	Matsumoto2008	sigmoid	1
141	22	fear	0.4955119205308965	Matsumoto2008	sigmoid	1
142	23	fear	0.624299280840863	Matsumoto2008	sigmoid	1
143	24	fear	0.6307788845668629	Matsumoto2008	sigmoid	1
144	25	fear	0.6312243738074941	Matsumoto2008	sigmoid	1
145	26	fear	0.7070356303128956	Matsumoto2008	sigmoid	1
146	27	fear	0.6601993854741107	Matsumoto2008	sigmoid	1
147	28	fear	0.5595954549679338	Matsumoto2008	sigmoid	1
148	29	fear	0.6035954933785656	Matsumoto2008	sigmoid	1
149	30	fear	0.5777005991727115	Matsumoto2008	sigmoid	1
150	31	fear	0.6524007988423194	Matsumoto2008	sigmoid	1
151	32	fear	0.48688460653819615	Matsumoto2008	sigmoid	1
152	33	fear	0.6710585351721239	Matsumoto2008	sigmoid	1
153	34	fear	0.6847332147621166	Matsumoto2008	sigmoid	1
154	35	fear	0.5317788871301595	Matsumoto2008	sigmoid	1
155	36	fear	0.5952719702638865	Matsumoto2008	sigmoid	1
156	37	fear	0.6090420411518609	Matsumoto2008	sigmoid	1
157	38	fear	0.6031891104159599	Matsumoto2008	sigmoid	1
158	39	fear	0.6968517954960438	Matsumoto2008	sigmoid	1
159	40	fear	0.6739265370179692	Matsumoto2008	sigmoid	1
160	41	fear	0.6600655898408707	Matsumoto2008	sigmoid	1
161	42	fear	0.5597113199752117	Matsumoto2008	sigmoid	1
162	43	fear	0.5379248714411138	Matsumoto2008	sigmoid	1
163	44	fear	0.6353639527683471	Matsumoto2008	sigmoid	1
164	45	fear	0.7357758260641281	Matsumoto2008	sigmoid	1
165	46	fear	0.4899350395594354	Matsumoto2008	sigmoid	1
166	47	fear	0.778946354308836	Matsumoto2008	sigmoid	1
167	48	fear	0.5918585858585859	Matsumoto2008	sigmoid	1
168	49	fear	0.7127097071914494	Matsumoto2008	sigmoid	1
169	50	fear	0.6903152536806961	Matsumoto2008	sigmoid	1
170	51	fear	0.7342317125186607	Matsumoto2008	sigmoid	1
171	52	fear	0.5736648083244048	Matsumoto2008	sigmoid	1
172	53	fear	0.5709398284658583	Matsumoto2008	sigmoid	1
173	54	fear	0.4538852768456376	Matsumoto2008	sigmoid	1
174	55	fear	0.7130358569906385	Matsumoto2008	sigmoid	1
175	56	fear	0.6799980640165204	Matsumoto2008	sigmoid	1
176	57	fear	0.6805843874774742	Matsumoto2008	sigmoid	1
177	58	fear	0.6841530611205606	Matsumoto2008	sigmoid	1
178	59	fear	0.5500178764687693	Matsumoto2008	sigmoid	1
179	60	fear	0.6057880501457926	Matsumoto2008	sigmoid	1
180	01	happy	0.7528823468029493	Matsumoto2008	sigmoid	1
181	02	happy	0.8187475609438821	Matsumoto2008	sigmoid	1
182	03	happy	0.7718278684877875	Matsumoto2008	sigmoid	1
183	04	happy	0.7582200760951532	Matsumoto2008	sigmoid	1
184	05	happy	0.7614222288241896	Matsumoto2008	sigmoid	1
185	06	happy	0.8252506547393664	Matsumoto2008	sigmoid	1
186	07	happy	0.7227469677821727	Matsumoto2008	sigmoid	1
187	08	happy	0.7600980744435755	Matsumoto2008	sigmoid	1
188	09	happy	0.7633629667462034	Matsumoto2008	sigmoid	1
189	10	happy	0.7752837378678957	Matsumoto2008	sigmoid	1
190	11	happy	0.7689521735325859	Matsumoto2008	sigmoid	1
191	12	happy	0.8155403686870362	Matsumoto2008	sigmoid	1
192	13	happy	0.8122934258639054	Matsumoto2008	sigmoid	1
193	14	happy	0.7999318900776973	Matsumoto2008	sigmoid	1
194	15	happy	0.7718035034065365	Matsumoto2008	sigmoid	1
195	16	happy	0.68203587593109	Matsumoto2008	sigmoid	1
196	17	happy	0.6838946016346507	Matsumoto2008	sigmoid	1
197	18	happy	0.7298674110258199	Matsumoto2008	sigmoid	1
198	19	happy	0.7033526641468024	Matsumoto2008	sigmoid	1
199	20	happy	0.6450321125468308	Matsumoto2008	sigmoid	1
200	21	happy	0.6926129017387734	Matsumoto2008	sigmoid	1
201	22	happy	0.591993071751955	Matsumoto2008	sigmoid	1
202	23	happy	0.745066476471191	Matsumoto2008	sigmoid	1
203	24	happy	0.7370732750001724	Matsumoto2008	sigmoid	1
204	25	happy	0.7294655748416538	Matsumoto2008	sigmoid	1
205	26	happy	0.8010232690613159	Matsumoto2008	sigmoid	1
206	27	happy	0.7356960641399417	Matsumoto2008	sigmoid	1
207	28	happy	0.7612501664225801	Matsumoto2008	sigmoid	1
208	29	happy	0.723725628113129	Matsumoto2008	sigmoid	1
209	30	happy	0.7027888551233823	Matsumoto2008	sigmoid	1
210	31	happy	0.7908899179008158	Matsumoto2008	sigmoid	1
211	32	happy	0.7274340314686539	Matsumoto2008	sigmoid	1
212	33	happy	0.7614009558646837	Matsumoto2008	sigmoid	1
213	34	happy	0.7664133917632645	Matsumoto2008	sigmoid	1
214	35	happy	0.7906071969671002	Matsumoto2008	sigmoid	1
215	36	happy	0.7489814850855683	Matsumoto2008	sigmoid	1
216	37	happy	0.6958230711420982	Matsumoto2008	sigmoid	1
217	38	happy	0.6722366453530507	Matsumoto2008	sigmoid	1
218	39	happy	0.7279485722702692	Matsumoto2008	sigmoid	1
219	40	happy	0.6585841381985038	Matsumoto2008	sigmoid	1
220	41	happy	0.6812639906389906	Matsumoto2008	sigmoid	1
221	42	happy	0.7257448026955399	Matsumoto2008	sigmoid	1
222	43	happy	0.6974410516575731	Matsumoto2008	sigmoid	1
223	44	happy	0.7718538000912293	Matsumoto2008	sigmoid	1
224	45	happy	0.785806024041318	Matsumoto2008	sigmoid	1
225	46	happy	0.677128859751981	Matsumoto2008	sigmoid	1
226	47	happy	0.6005300305760967	Matsumoto2008	sigmoid	1
227	48	happy	0.7096429330499467	Matsumoto2008	sigmoid	1
228	49	happy	0.7553904765137117	Matsumoto2008	sigmoid	1
229	50	happy	0.6665959850555608	Matsumoto2008	sigmoid	1
230	51	happy	0.8029698326404434	Matsumoto2008	sigmoid	1
231	52	happy	0.6771479751775319	Matsumoto2008	sigmoid	1
232	53	happy	0.7016465764399453	Matsumoto2008	sigmoid	1
233	54	happy	0.6991334083813003	Matsumoto2008	sigmoid	1
234	55	happy	0.7498977885578311	Matsumoto2008	sigmoid	1
235	56	happy	0.7770487051940524	Matsumoto2008	sigmoid	1
236	57	happy	0.747626845906417	Matsumoto2008	sigmoid	1
237	58	happy	0.7482687145372272	Matsumoto2008	sigmoid	1
238	59	happy	0.6962225819238901	Matsumoto2008	sigmoid	1
239	60	happy	0.7421105112116348	Matsumoto2008	sigmoid	1
240	01	sadness	0.793716116313455	Matsumoto2008	sigmoid	1
241	02	sadness	0.6176194080761072	Matsumoto2008	sigmoid	1
242	03	sadness	0.638870292323038	Matsumoto2008	sigmoid	1
243	04	sadness	0.668137811058165	Matsumoto2008	sigmoid	1
244	05	sadness	0.6430040691658707	Matsumoto2008	sigmoid	1
245	06	sadness	0.685262404284179	Matsumoto2008	sigmoid	1
246	07	sadness	0.676828466193107	Matsumoto2008	sigmoid	1
247	08	sadness	0.6145059509545491	Matsumoto2008	sigmoid	1
248	09	sadness	0.714004450903806	Matsumoto2008	sigmoid	1
249	10	sadness	0.6864075243882937	Matsumoto2008	sigmoid	1
250	11	sadness	0.6087011858713636	Matsumoto2008	sigmoid	1
251	12	sadness	0.6340439347582048	Matsumoto2008	sigmoid	1
252	13	sadness	0.694638649319138	Matsumoto2008	sigmoid	1
253	14	sadness	0.6787269564405216	Matsumoto2008	sigmoid	1
254	15	sadness	0.7495592423488993	Matsumoto2008	sigmoid	1
255	16	sadness	0.6280375610268256	Matsumoto2008	sigmoid	1
256	17	sadness	0.6116157098715238	Matsumoto2008	sigmoid	1
257	18	sadness	0.7158382745035616	Matsumoto2008	sigmoid	1
258	19	sadness	0.6177632246928622	Matsumoto2008	sigmoid	1
259	20	sadness	0.6264463267452803	Matsumoto2008	sigmoid	1
260	21	sadness	0.7424749163879598	Matsumoto2008	sigmoid	1
261	22	sadness	0.6262843078332045	Matsumoto2008	sigmoid	1
262	23	sadness	0.6708662235147487	Matsumoto2008	sigmoid	1
263	24	sadness	0.6711718207070858	Matsumoto2008	sigmoid	1
264	25	sadness	0.710292284108329	Matsumoto2008	sigmoid	1
265	26	sadness	0.7176422500330605	Matsumoto2008	sigmoid	1
266	27	sadness	0.7241046230834134	Matsumoto2008	sigmoid	1
267	28	sadness	0.6649662536034866	Matsumoto2008	sigmoid	1
268	29	sadness	0.6468521006849055	Matsumoto2008	sigmoid	1
269	30	sadness	0.712274249889878	Matsumoto2008	sigmoid	1
270	31	sadness	0.6904960438222763	Matsumoto2008	sigmoid	1
271	32	sadness	0.6602989284426356	Matsumoto2008	sigmoid	1
272	33	sadness	0.6491258919164832	Matsumoto2008	sigmoid	1
273	34	sadness	0.7115607050901169	Matsumoto2008	sigmoid	1
274	35	sadness	0.6869793700377457	Matsumoto2008	sigmoid	1
275	36	sadness	0.6314842320477088	Matsumoto2008	sigmoid	1
276	37	sadness	0.6255818471241474	Matsumoto2008	sigmoid	1
277	38	sadness	0.6830000041253614	Matsumoto2008	sigmoid	1
278	39	sadness	0.6788229114532489	Matsumoto2008	sigmoid	1
279	40	sadness	0.6543915343915344	Matsumoto2008	sigmoid	1
280	41	sadness	0.5647360019675973	Matsumoto2008	sigmoid	1
281	42	sadness	0.6492527197188742	Matsumoto2008	sigmoid	1
282	43	sadness	0.6806654503401619	Matsumoto2008	sigmoid	1
283	44	sadness	0.6449971538122805	Matsumoto2008	sigmoid	1
284	45	sadness	0.7062899469482206	Matsumoto2008	sigmoid	1
285	46	sadness	0.5995217340056986	Matsumoto2008	sigmoid	1
286	47	sadness	0.6854315729969545	Matsumoto2008	sigmoid	1
287	48	sadness	0.7280000518255552	Matsumoto2008	sigmoid	1
288	49	sadness	0.6507299410654444	Matsumoto2008	sigmoid	1
289	50	sadness	0.47435986072178304	Matsumoto2008	sigmoid	1
290	51	sadness	0.6970120735489589	Matsumoto2008	sigmoid	1
291	52	sadness	0.6160189385785476	Matsumoto2008	sigmoid	1
292	53	sadness	0.6523611475442204	Matsumoto2008	sigmoid	1
293	54	sadness	0.49536842105263157	Matsumoto2008	sigmoid	1
294	55	sadness	0.6502973084453986	Matsumoto2008	sigmoid	1
295	56	sadness	0.7484609207708779	Matsumoto2008	sigmoid	1
296	57	sadness	0.7734037372447334	Matsumoto2008	sigmoid	1
297	58	sadness	0.6637913741223671	Matsumoto2008	sigmoid	1
298	59	sadness	0.6598218699165072	Matsumoto2008	sigmoid	1
299	60	sadness	0.6653552380771619	Matsumoto2008	sigmoid	1
300	01	surprise	0.8047867418721084	Matsumoto2008	sigmoid	1
301	02	surprise	0.8373375449609575	Matsumoto2008	sigmoid	1
302	03	surprise	0.8565563100045859	Matsumoto2008	sigmoid	1
303	04	surprise	0.7209398094248964	Matsumoto2008	sigmoid	1
304	05	surprise	0.8100583133009306	Matsumoto2008	sigmoid	1
305	06	surprise	0.7922137786049077	Matsumoto2008	sigmoid	1
306	07	surprise	0.8970905579723591	Matsumoto2008	sigmoid	1
307	08	surprise	0.844419366259515	Matsumoto2008	sigmoid	1
308	09	surprise	0.8267386598908337	Matsumoto2008	sigmoid	1
309	10	surprise	0.8331581807153808	Matsumoto2008	sigmoid	1
310	11	surprise	0.9065197261255417	Matsumoto2008	sigmoid	1
311	12	surprise	0.891045512306046	Matsumoto2008	sigmoid	1
312	13	surprise	0.8375256610423434	Matsumoto2008	sigmoid	1
313	14	surprise	0.8333092733276792	Matsumoto2008	sigmoid	1
314	15	surprise	0.7900879259083563	Matsumoto2008	sigmoid	1
315	16	surprise	0.6999371849295936	Matsumoto2008	sigmoid	1
316	17	surprise	0.6643991206643869	Matsumoto2008	sigmoid	1
317	18	surprise	0.7361087236785561	Matsumoto2008	sigmoid	1
318	19	surprise	0.7836429578245515	Matsumoto2008	sigmoid	1
319	20	surprise	0.726238580642536	Matsumoto2008	sigmoid	1
320	21	surprise	0.7428415349283151	Matsumoto2008	sigmoid	1
321	22	surprise	0.6433420365535248	Matsumoto2008	sigmoid	1
322	23	surprise	0.7791846773720343	Matsumoto2008	sigmoid	1
323	24	surprise	0.8079524070879724	Matsumoto2008	sigmoid	1
324	25	surprise	0.7197861757590804	Matsumoto2008	sigmoid	1
325	26	surprise	0.7739356898326089	Matsumoto2008	sigmoid	1
326	27	surprise	0.7944393321427736	Matsumoto2008	sigmoid	1
327	28	surprise	0.7588763989303754	Matsumoto2008	sigmoid	1
328	29	surprise	0.6901856901701079	Matsumoto2008	sigmoid	1
329	30	surprise	0.6375803086894952	Matsumoto2008	sigmoid	1
330	31	surprise	0.7773137429819531	Matsumoto2008	sigmoid	1
331	32	surprise	0.7929593704052381	Matsumoto2008	sigmoid	1
332	33	surprise	0.7039563408990162	Matsumoto2008	sigmoid	1
333	34	surprise	0.807902909447532	Matsumoto2008	sigmoid	1
334	35	surprise	0.7040383413633696	Matsumoto2008	sigmoid	1
335	36	surprise	0.6176294215421518	Matsumoto2008	sigmoid	1
336	37	surprise	0.6945320715036802	Matsumoto2008	sigmoid	1
337	38	surprise	0.6755071344747549	Matsumoto2008	sigmoid	1
338	39	surprise	0.7978291024827012	Matsumoto2008	sigmoid	1
339	40	surprise	0.7371057595297626	Matsumoto2008	sigmoid	1
340	41	surprise	0.7300958583640114	Matsumoto2008	sigmoid	1
341	42	surprise	0.7984692937254606	Matsumoto2008	sigmoid	1
342	43	surprise	0.742671566257293	Matsumoto2008	sigmoid	1
343	44	surprise	0.7789509240520276	Matsumoto2008	sigmoid	1
344	45	surprise	0.767907355743999	Matsumoto2008	sigmoid	1
345	46	surprise	0.6863959500215424	Matsumoto2008	sigmoid	1
346	47	surprise	0.7508049621626923	Matsumoto2008	sigmoid	1
347	48	surprise	0.6672537679635472	Matsumoto2008	sigmoid	1
348	49	surprise	0.7878132583490621	Matsumoto2008	sigmoid	1
349	50	surprise	0.8153633491311216	Matsumoto2008	sigmoid	1
350	51	surprise	0.8273625293251698	Matsumoto2008	sigmoid	1
351	52	surprise	0.7064828363097607	Matsumoto2008	sigmoid	1
352	53	surprise	0.7679257498453927	Matsumoto2008	sigmoid	1
353	54	surprise	0.659318422222563	Matsumoto2008	sigmoid	1
354	55	surprise	0.8377950135514354	Matsumoto2008	sigmoid	1
355	56	surprise	0.7276643064034775	Matsumoto2008	sigmoid	1
356	57	surprise	0.7525127534088109	Matsumoto2008	sigmoid	1
357	58	surprise	0.7705497417942604	Matsumoto2008	sigmoid	1
358	59	surprise	0.6979298094162959	Matsumoto2008	sigmoid	1
359	60	surprise	0.556683677514845	Matsumoto2008	sigmoid	1
0	01	anger	0.550945617779086	Keltner2019	sigmoid	1
1	02	anger	0.6514068097489478	Keltner2019	sigmoid	1
2	03	anger	0.5438694209871586	Keltner2019	sigmoid	1
3	04	anger	0.5778813668049438	Keltner2019	sigmoid	1
4	05	anger	0.5578422709449384	Keltner2019	sigmoid	1
5	06	anger	0.6094394068335436	Keltner2019	sigmoid	1
6	07	anger	0.6170569464899361	Keltner2019	sigmoid	1
7	08	anger	0.5430149933232318	Keltner2019	sigmoid	1
8	09	anger	0.598233353049217	Keltner2019	sigmoid	1
9	10	anger	0.5905739959655236	Keltner2019	sigmoid	1
10	11	anger	0.5492286858219501	Keltner2019	sigmoid	1
11	12	anger	0.5130697151424288	Keltner2019	sigmoid	1
12	13	anger	0.5385455182965702	Keltner2019	sigmoid	1
13	14	anger	0.6374151738935183	Keltner2019	sigmoid	1
14	15	anger	0.49053717191699386	Keltner2019	sigmoid	1
15	16	anger	0.5177606766267376	Keltner2019	sigmoid	1
16	17	anger	0.4723319367462431	Keltner2019	sigmoid	1
17	18	anger	0.5871483530961792	Keltner2019	sigmoid	1
18	19	anger	0.5313315381196897	Keltner2019	sigmoid	1
19	20	anger	0.4127712127082527	Keltner2019	sigmoid	1
20	21	anger	0.5812223136694827	Keltner2019	sigmoid	1
21	22	anger	0.4832831474691025	Keltner2019	sigmoid	1
22	23	anger	0.49812231759656644	Keltner2019	sigmoid	1
23	24	anger	0.47788225978075277	Keltner2019	sigmoid	1
24	25	anger	0.5363485788783507	Keltner2019	sigmoid	1
25	26	anger	0.47889903606293205	Keltner2019	sigmoid	1
26	27	anger	0.4363775172443249	Keltner2019	sigmoid	1
27	28	anger	0.48021894868441617	Keltner2019	sigmoid	1
28	29	anger	0.45148493587776894	Keltner2019	sigmoid	1
29	30	anger	0.5457757651371624	Keltner2019	sigmoid	1
30	31	anger	0.544029290728637	Keltner2019	sigmoid	1
31	32	anger	0.5665887357243884	Keltner2019	sigmoid	1
32	33	anger	0.5314144156427448	Keltner2019	sigmoid	1
33	34	anger	0.5479122739761038	Keltner2019	sigmoid	1
34	35	anger	0.537820895522388	Keltner2019	sigmoid	1
35	36	anger	0.5430776025305252	Keltner2019	sigmoid	1
36	37	anger	0.5102498422808844	Keltner2019	sigmoid	1
37	38	anger	0.4389345712963215	Keltner2019	sigmoid	1
38	39	anger	0.5600377957359728	Keltner2019	sigmoid	1
39	40	anger	0.4741286703270471	Keltner2019	sigmoid	1
40	41	anger	0.5026326344264953	Keltner2019	sigmoid	1
41	42	anger	0.4731849404399617	Keltner2019	sigmoid	1
42	43	anger	0.476419914257164	Keltner2019	sigmoid	1
43	44	anger	0.5891145149118149	Keltner2019	sigmoid	1
44	45	anger	0.49711937021500907	Keltner2019	sigmoid	1
45	46	anger	0.5814397035583891	Keltner2019	sigmoid	1
46	47	anger	0.5392064768263144	Keltner2019	sigmoid	1
47	48	anger	0.4788003177966102	Keltner2019	sigmoid	1
48	49	anger	0.4913030342026196	Keltner2019	sigmoid	1
49	50	anger	0.5328841291650198	Keltner2019	sigmoid	1
50	51	anger	0.45464360587002095	Keltner2019	sigmoid	1
51	52	anger	0.510707966583798	Keltner2019	sigmoid	1
52	53	anger	0.47495526354189865	Keltner2019	sigmoid	1
53	54	anger	0.5290864772751785	Keltner2019	sigmoid	1
54	55	anger	0.47650820649021103	Keltner2019	sigmoid	1
55	56	anger	0.6026318589720854	Keltner2019	sigmoid	1
56	57	anger	0.6027636816048816	Keltner2019	sigmoid	1
57	58	anger	0.5851970834917819	Keltner2019	sigmoid	1
58	59	anger	0.5108256317135087	Keltner2019	sigmoid	1
59	60	anger	0.5559268793351764	Keltner2019	sigmoid	1
60	01	disgust	0.6749554324642664	Keltner2019	sigmoid	1
61	02	disgust	0.6235849847960574	Keltner2019	sigmoid	1
62	03	disgust	0.6455386856836132	Keltner2019	sigmoid	1
63	04	disgust	0.5629536906952163	Keltner2019	sigmoid	1
64	05	disgust	0.602542506711586	Keltner2019	sigmoid	1
65	06	disgust	0.6608484760072576	Keltner2019	sigmoid	1
66	07	disgust	0.6529547204721764	Keltner2019	sigmoid	1
67	08	disgust	0.6064549334044576	Keltner2019	sigmoid	1
68	09	disgust	0.5986250115837272	Keltner2019	sigmoid	1
69	10	disgust	0.6245926475165231	Keltner2019	sigmoid	1
70	11	disgust	0.6235309896226258	Keltner2019	sigmoid	1
71	12	disgust	0.6198764630189988	Keltner2019	sigmoid	1
72	13	disgust	0.6205568579148124	Keltner2019	sigmoid	1
73	14	disgust	0.6635555058763414	Keltner2019	sigmoid	1
74	15	disgust	0.6444277698029492	Keltner2019	sigmoid	1
75	16	disgust	0.5137664871467919	Keltner2019	sigmoid	1
76	17	disgust	0.5819876797535224	Keltner2019	sigmoid	1
77	18	disgust	0.5195606411138206	Keltner2019	sigmoid	1
78	19	disgust	0.6101281075596144	Keltner2019	sigmoid	1
79	20	disgust	0.603050048469308	Keltner2019	sigmoid	1
80	21	disgust	0.5799779450820998	Keltner2019	sigmoid	1
81	22	disgust	0.562439666579895	Keltner2019	sigmoid	1
82	23	disgust	0.5393886555955631	Keltner2019	sigmoid	1
83	24	disgust	0.6398027650193687	Keltner2019	sigmoid	1
84	25	disgust	0.5774678768725732	Keltner2019	sigmoid	1
85	26	disgust	0.5783368611875259	Keltner2019	sigmoid	1
86	27	disgust	0.5589711100674468	Keltner2019	sigmoid	1
87	28	disgust	0.5291264309859248	Keltner2019	sigmoid	1
88	29	disgust	0.6354115246197758	Keltner2019	sigmoid	1
89	30	disgust	0.5930935358300813	Keltner2019	sigmoid	1
90	31	disgust	0.6066137795324316	Keltner2019	sigmoid	1
91	32	disgust	0.6597547034440239	Keltner2019	sigmoid	1
92	33	disgust	0.5394369759492312	Keltner2019	sigmoid	1
93	34	disgust	0.6174344356419565	Keltner2019	sigmoid	1
94	35	disgust	0.5728935065297418	Keltner2019	sigmoid	1
95	36	disgust	0.5079179831557131	Keltner2019	sigmoid	1
96	37	disgust	0.6069772979247431	Keltner2019	sigmoid	1
97	38	disgust	0.4633586306722953	Keltner2019	sigmoid	1
98	39	disgust	0.5716581351649063	Keltner2019	sigmoid	1
99	40	disgust	0.5874657064471879	Keltner2019	sigmoid	1
100	41	disgust	0.5683401766828418	Keltner2019	sigmoid	1
101	42	disgust	0.6613434134489099	Keltner2019	sigmoid	1
102	43	disgust	0.5705498855213629	Keltner2019	sigmoid	1
103	44	disgust	0.6352819407859484	Keltner2019	sigmoid	1
104	45	disgust	0.549724891125163	Keltner2019	sigmoid	1
105	46	disgust	0.5345518340278133	Keltner2019	sigmoid	1
106	47	disgust	0.5847694174757282	Keltner2019	sigmoid	1
107	48	disgust	0.6125891516516516	Keltner2019	sigmoid	1
108	49	disgust	0.5341617692281408	Keltner2019	sigmoid	1
109	50	disgust	0.6394298060643844	Keltner2019	sigmoid	1
110	51	disgust	0.7329532888043526	Keltner2019	sigmoid	1
111	52	disgust	0.5923345488573004	Keltner2019	sigmoid	1
112	53	disgust	0.59912945060225	Keltner2019	sigmoid	1
113	54	disgust	0.5103974268095034	Keltner2019	sigmoid	1
114	55	disgust	0.6262382001106013	Keltner2019	sigmoid	1
115	56	disgust	0.6478798461918369	Keltner2019	sigmoid	1
116	57	disgust	0.6245468380823654	Keltner2019	sigmoid	1
117	58	disgust	0.5766298879236131	Keltner2019	sigmoid	1
118	59	disgust	0.5651612763749567	Keltner2019	sigmoid	1
119	60	disgust	0.5557798565931857	Keltner2019	sigmoid	1
120	01	fear	0.5914711295146078	Keltner2019	sigmoid	1
121	02	fear	0.6925948945615982	Keltner2019	sigmoid	1
122	03	fear	0.5316060991935221	Keltner2019	sigmoid	1
123	04	fear	0.5247041613443111	Keltner2019	sigmoid	1
124	05	fear	0.5110385322831675	Keltner2019	sigmoid	1
125	06	fear	0.646811546772315	Keltner2019	sigmoid	1
126	07	fear	0.6219284994964753	Keltner2019	sigmoid	1
127	08	fear	0.5835462905705268	Keltner2019	sigmoid	1
128	09	fear	0.5438858060914052	Keltner2019	sigmoid	1
129	10	fear	0.6355322892154686	Keltner2019	sigmoid	1
130	11	fear	0.5346849494957207	Keltner2019	sigmoid	1
131	12	fear	0.6677522548219611	Keltner2019	sigmoid	1
132	13	fear	0.5346802065785623	Keltner2019	sigmoid	1
133	14	fear	0.5582056522691975	Keltner2019	sigmoid	1
134	15	fear	0.548986171924614	Keltner2019	sigmoid	1
135	16	fear	0.5306089770424822	Keltner2019	sigmoid	1
136	17	fear	0.5546279028680238	Keltner2019	sigmoid	1
137	18	fear	0.5464121326566742	Keltner2019	sigmoid	1
138	19	fear	0.5372205911137209	Keltner2019	sigmoid	1
139	20	fear	0.5191667293798916	Keltner2019	sigmoid	1
140	21	fear	0.522602217734253	Keltner2019	sigmoid	1
141	22	fear	0.5017280925000785	Keltner2019	sigmoid	1
142	23	fear	0.5992577908906509	Keltner2019	sigmoid	1
143	24	fear	0.5780472473366975	Keltner2019	sigmoid	1
144	25	fear	0.5790575650550075	Keltner2019	sigmoid	1
145	26	fear	0.6861313076505696	Keltner2019	sigmoid	1
146	27	fear	0.6061119385295209	Keltner2019	sigmoid	1
147	28	fear	0.5519332651733433	Keltner2019	sigmoid	1
148	29	fear	0.57065482952335	Keltner2019	sigmoid	1
149	30	fear	0.5788053370364071	Keltner2019	sigmoid	1
150	31	fear	0.6309959897688376	Keltner2019	sigmoid	1
151	32	fear	0.45615768473054197	Keltner2019	sigmoid	1
152	33	fear	0.6838905853004443	Keltner2019	sigmoid	1
153	34	fear	0.6521031569586483	Keltner2019	sigmoid	1
154	35	fear	0.5562901632912591	Keltner2019	sigmoid	1
155	36	fear	0.5743379742118667	Keltner2019	sigmoid	1
156	37	fear	0.5788008018898196	Keltner2019	sigmoid	1
157	38	fear	0.5790095771722426	Keltner2019	sigmoid	1
158	39	fear	0.6573311016433353	Keltner2019	sigmoid	1
159	40	fear	0.6175588318331285	Keltner2019	sigmoid	1
160	41	fear	0.6218958943678045	Keltner2019	sigmoid	1
161	42	fear	0.536422196434864	Keltner2019	sigmoid	1
162	43	fear	0.5320338956478113	Keltner2019	sigmoid	1
163	44	fear	0.6574139317717563	Keltner2019	sigmoid	1
164	45	fear	0.6897068650732091	Keltner2019	sigmoid	1
165	46	fear	0.5007402363946806	Keltner2019	sigmoid	1
166	47	fear	0.6471724016121004	Keltner2019	sigmoid	1
167	48	fear	0.6213535353535352	Keltner2019	sigmoid	1
168	49	fear	0.6705077630736711	Keltner2019	sigmoid	1
169	50	fear	0.6636952000437852	Keltner2019	sigmoid	1
170	51	fear	0.6737444017914267	Keltner2019	sigmoid	1
171	52	fear	0.542160005084715	Keltner2019	sigmoid	1
172	53	fear	0.5452402946178411	Keltner2019	sigmoid	1
173	54	fear	0.544200922818792	Keltner2019	sigmoid	1
174	55	fear	0.6297687228860644	Keltner2019	sigmoid	1
175	56	fear	0.6355435811392187	Keltner2019	sigmoid	1
176	57	fear	0.6600550775590969	Keltner2019	sigmoid	1
177	58	fear	0.6233543485124716	Keltner2019	sigmoid	1
178	59	fear	0.4912997159090909	Keltner2019	sigmoid	1
179	60	fear	0.5488333742275276	Keltner2019	sigmoid	1
180	01	happy	0.7420401416103983	Keltner2019	sigmoid	1
181	02	happy	0.8228174241832957	Keltner2019	sigmoid	1
182	03	happy	0.7475930951639453	Keltner2019	sigmoid	1
183	04	happy	0.7570851828683074	Keltner2019	sigmoid	1
184	05	happy	0.7532423912325874	Keltner2019	sigmoid	1
185	06	happy	0.813221790988262	Keltner2019	sigmoid	1
186	07	happy	0.7278526372225596	Keltner2019	sigmoid	1
187	08	happy	0.7537805396442923	Keltner2019	sigmoid	1
188	09	happy	0.7428277298518062	Keltner2019	sigmoid	1
189	10	happy	0.7637582388195875	Keltner2019	sigmoid	1
190	11	happy	0.7540827669800649	Keltner2019	sigmoid	1
191	12	happy	0.8078271351004657	Keltner2019	sigmoid	1
192	13	happy	0.799785739384423	Keltner2019	sigmoid	1
193	14	happy	0.7924575783229915	Keltner2019	sigmoid	1
194	15	happy	0.7569469960992158	Keltner2019	sigmoid	1
195	16	happy	0.6635408307107529	Keltner2019	sigmoid	1
196	17	happy	0.6381218740357499	Keltner2019	sigmoid	1
197	18	happy	0.7045896569555242	Keltner2019	sigmoid	1
198	19	happy	0.6895204002316648	Keltner2019	sigmoid	1
199	20	happy	0.6154522517012004	Keltner2019	sigmoid	1
200	21	happy	0.6565016869680892	Keltner2019	sigmoid	1
201	22	happy	0.6218394155576896	Keltner2019	sigmoid	1
202	23	happy	0.7488710427388149	Keltner2019	sigmoid	1
203	24	happy	0.6969826724310312	Keltner2019	sigmoid	1
204	25	happy	0.7061220188223888	Keltner2019	sigmoid	1
205	26	happy	0.7757664133959539	Keltner2019	sigmoid	1
206	27	happy	0.7090154028083537	Keltner2019	sigmoid	1
207	28	happy	0.7663745347403519	Keltner2019	sigmoid	1
208	29	happy	0.6914476096407539	Keltner2019	sigmoid	1
209	30	happy	0.6700218785420833	Keltner2019	sigmoid	1
210	31	happy	0.7682248213644166	Keltner2019	sigmoid	1
211	32	happy	0.6925241504981954	Keltner2019	sigmoid	1
212	33	happy	0.7352860029014142	Keltner2019	sigmoid	1
213	34	happy	0.7615681839600416	Keltner2019	sigmoid	1
214	35	happy	0.7586049522608169	Keltner2019	sigmoid	1
215	36	happy	0.740573871524399	Keltner2019	sigmoid	1
216	37	happy	0.689070487302166	Keltner2019	sigmoid	1
217	38	happy	0.6265847606117039	Keltner2019	sigmoid	1
218	39	happy	0.727901226774404	Keltner2019	sigmoid	1
219	40	happy	0.6904259594133012	Keltner2019	sigmoid	1
220	41	happy	0.6596827940577941	Keltner2019	sigmoid	1
221	42	happy	0.7055273026146812	Keltner2019	sigmoid	1
222	43	happy	0.6580677068376886	Keltner2019	sigmoid	1
223	44	happy	0.7745591389500858	Keltner2019	sigmoid	1
224	45	happy	0.7523275743863979	Keltner2019	sigmoid	1
225	46	happy	0.6848639093202573	Keltner2019	sigmoid	1
226	47	happy	0.6058687248285988	Keltner2019	sigmoid	1
227	48	happy	0.6804420828905419	Keltner2019	sigmoid	1
228	49	happy	0.7402745723594896	Keltner2019	sigmoid	1
229	50	happy	0.6482287817809705	Keltner2019	sigmoid	1
230	51	happy	0.7904359876345807	Keltner2019	sigmoid	1
231	52	happy	0.6890857910562345	Keltner2019	sigmoid	1
232	53	happy	0.670759492785186	Keltner2019	sigmoid	1
233	54	happy	0.6699043492420864	Keltner2019	sigmoid	1
234	55	happy	0.7252240612625525	Keltner2019	sigmoid	1
235	56	happy	0.7535942492012779	Keltner2019	sigmoid	1
236	57	happy	0.7054280396486798	Keltner2019	sigmoid	1
237	58	happy	0.7351356652349058	Keltner2019	sigmoid	1
238	59	happy	0.6650303911205074	Keltner2019	sigmoid	1
239	60	happy	0.7296901600272387	Keltner2019	sigmoid	1
240	01	sadness	0.6692787908657796	Keltner2019	sigmoid	1
241	02	sadness	0.5117450260263348	Keltner2019	sigmoid	1
242	03	sadness	0.5963619126355801	Keltner2019	sigmoid	1
243	04	sadness	0.517694576809621	Keltner2019	sigmoid	1
244	05	sadness	0.5436328498089781	Keltner2019	sigmoid	1
245	06	sadness	0.5966111527479474	Keltner2019	sigmoid	1
246	07	sadness	0.5593813031658336	Keltner2019	sigmoid	1
247	08	sadness	0.5820400050746395	Keltner2019	sigmoid	1
248	09	sadness	0.645819329639386	Keltner2019	sigmoid	1
249	10	sadness	0.6237835838797376	Keltner2019	sigmoid	1
250	11	sadness	0.5049581929157605	Keltner2019	sigmoid	1
251	12	sadness	0.5082652814157733	Keltner2019	sigmoid	1
252	13	sadness	0.6207159355144766	Keltner2019	sigmoid	1
253	14	sadness	0.5792543752116097	Keltner2019	sigmoid	1
254	15	sadness	0.621938191620727	Keltner2019	sigmoid	1
255	16	sadness	0.585398839834112	Keltner2019	sigmoid	1
256	17	sadness	0.6192441279650582	Keltner2019	sigmoid	1
257	18	sadness	0.6414952180084099	Keltner2019	sigmoid	1
258	19	sadness	0.5933889227332725	Keltner2019	sigmoid	1
259	20	sadness	0.5835206407204415	Keltner2019	sigmoid	1
260	21	sadness	0.6466897393562226	Keltner2019	sigmoid	1
261	22	sadness	0.5821942209971687	Keltner2019	sigmoid	1
262	23	sadness	0.63314637861792	Keltner2019	sigmoid	1
263	24	sadness	0.6259009807396904	Keltner2019	sigmoid	1
264	25	sadness	0.6396453755748593	Keltner2019	sigmoid	1
265	26	sadness	0.6255418905759729	Keltner2019	sigmoid	1
266	27	sadness	0.5994457536877019	Keltner2019	sigmoid	1
267	28	sadness	0.6027352342437119	Keltner2019	sigmoid	1
268	29	sadness	0.5993602471970014	Keltner2019	sigmoid	1
269	30	sadness	0.6396807998442926	Keltner2019	sigmoid	1
270	31	sadness	0.6402140393588963	Keltner2019	sigmoid	1
271	32	sadness	0.5859725155839471	Keltner2019	sigmoid	1
272	33	sadness	0.5933205033042812	Keltner2019	sigmoid	1
273	34	sadness	0.623545256486433	Keltner2019	sigmoid	1
274	35	sadness	0.6042675387218536	Keltner2019	sigmoid	1
275	36	sadness	0.6012155348666581	Keltner2019	sigmoid	1
276	37	sadness	0.5560723338765164	Keltner2019	sigmoid	1
277	38	sadness	0.5777001522258388	Keltner2019	sigmoid	1
278	39	sadness	0.6228785003196187	Keltner2019	sigmoid	1
279	40	sadness	0.5874501424501424	Keltner2019	sigmoid	1
280	41	sadness	0.5939419221207614	Keltner2019	sigmoid	1
281	42	sadness	0.595388655759488	Keltner2019	sigmoid	1
282	43	sadness	0.5696449334959304	Keltner2019	sigmoid	1
283	44	sadness	0.6525851976757924	Keltner2019	sigmoid	1
284	45	sadness	0.6250790568241851	Keltner2019	sigmoid	1
285	46	sadness	0.6135987434147141	Keltner2019	sigmoid	1
286	47	sadness	0.591035400450326	Keltner2019	sigmoid	1
287	48	sadness	0.6077420901246404	Keltner2019	sigmoid	1
288	49	sadness	0.5644512923231	Keltner2019	sigmoid	1
289	50	sadness	0.6003914057295135	Keltner2019	sigmoid	1
290	51	sadness	0.6486605164883853	Keltner2019	sigmoid	1
291	52	sadness	0.6392771752831521	Keltner2019	sigmoid	1
292	53	sadness	0.5932647638711426	Keltner2019	sigmoid	1
293	54	sadness	0.563764705882353	Keltner2019	sigmoid	1
294	55	sadness	0.6221306566876386	Keltner2019	sigmoid	1
295	56	sadness	0.6393349988103736	Keltner2019	sigmoid	1
296	57	sadness	0.6437378252512352	Keltner2019	sigmoid	1
297	58	sadness	0.6187722257682138	Keltner2019	sigmoid	1
298	59	sadness	0.6095221404369668	Keltner2019	sigmoid	1
299	60	sadness	0.6051350427999316	Keltner2019	sigmoid	1
300	01	surprise	0.7831218708409912	Keltner2019	sigmoid	1
301	02	surprise	0.8223910982718665	Keltner2019	sigmoid	1
302	03	surprise	0.830465687362239	Keltner2019	sigmoid	1
303	04	surprise	0.6794528713296982	Keltner2019	sigmoid	1
304	05	surprise	0.7895726225778339	Keltner2019	sigmoid	1
305	06	surprise	0.8065119244554728	Keltner2019	sigmoid	1
306	07	surprise	0.8733566308613213	Keltner2019	sigmoid	1
307	08	surprise	0.8124033110900737	Keltner2019	sigmoid	1
308	09	surprise	0.8115165631469978	Keltner2019	sigmoid	1
309	10	surprise	0.8309900089296245	Keltner2019	sigmoid	1
310	11	surprise	0.8745305315047999	Keltner2019	sigmoid	1
311	12	surprise	0.8702213750668808	Keltner2019	sigmoid	1
312	13	surprise	0.8275946639993076	Keltner2019	sigmoid	1
313	14	surprise	0.8144661877631905	Keltner2019	sigmoid	1
314	15	surprise	0.7983185686941845	Keltner2019	sigmoid	1
315	16	surprise	0.7098283874908273	Keltner2019	sigmoid	1
316	17	surprise	0.6696466373554796	Keltner2019	sigmoid	1
317	18	surprise	0.7359409606294007	Keltner2019	sigmoid	1
318	19	surprise	0.7743159489607915	Keltner2019	sigmoid	1
319	20	surprise	0.7030865327880527	Keltner2019	sigmoid	1
320	21	surprise	0.7469486499141564	Keltner2019	sigmoid	1
321	22	surprise	0.6039268631957927	Keltner2019	sigmoid	1
322	23	surprise	0.7762214681088271	Keltner2019	sigmoid	1
323	24	surprise	0.7821555982436883	Keltner2019	sigmoid	1
324	25	surprise	0.7199384537219331	Keltner2019	sigmoid	1
325	26	surprise	0.7598870056497176	Keltner2019	sigmoid	1
326	27	surprise	0.7727051181071659	Keltner2019	sigmoid	1
327	28	surprise	0.7395417230640564	Keltner2019	sigmoid	1
328	29	surprise	0.6734833138553434	Keltner2019	sigmoid	1
329	30	surprise	0.659859436033416	Keltner2019	sigmoid	1
330	31	surprise	0.7740932293989791	Keltner2019	sigmoid	1
331	32	surprise	0.7551498355141374	Keltner2019	sigmoid	1
332	33	surprise	0.7068738055999202	Keltner2019	sigmoid	1
333	34	surprise	0.7817233300642912	Keltner2019	sigmoid	1
334	35	surprise	0.6976301569374571	Keltner2019	sigmoid	1
335	36	surprise	0.6406582659545781	Keltner2019	sigmoid	1
336	37	surprise	0.6841597703938616	Keltner2019	sigmoid	1
337	38	surprise	0.6700331989790015	Keltner2019	sigmoid	1
338	39	surprise	0.7772818082185133	Keltner2019	sigmoid	1
339	40	surprise	0.6949576698688423	Keltner2019	sigmoid	1
340	41	surprise	0.7034798420103866	Keltner2019	sigmoid	1
341	42	surprise	0.7770509060831641	Keltner2019	sigmoid	1
342	43	surprise	0.7586532572607421	Keltner2019	sigmoid	1
343	44	surprise	0.7611614003142995	Keltner2019	sigmoid	1
344	45	surprise	0.7530246112200646	Keltner2019	sigmoid	1
345	46	surprise	0.6878420171646189	Keltner2019	sigmoid	1
346	47	surprise	0.7376640570092999	Keltner2019	sigmoid	1
347	48	surprise	0.633745180511742	Keltner2019	sigmoid	1
348	49	surprise	0.7633149724586881	Keltner2019	sigmoid	1
349	50	surprise	0.7873835163077169	Keltner2019	sigmoid	1
350	51	surprise	0.8216327422350072	Keltner2019	sigmoid	1
351	52	surprise	0.6992751271894648	Keltner2019	sigmoid	1
352	53	surprise	0.7659438775510204	Keltner2019	sigmoid	1
353	54	surprise	0.6517588623958115	Keltner2019	sigmoid	1
354	55	surprise	0.7938877629338259	Keltner2019	sigmoid	1
355	56	surprise	0.7439224321699038	Keltner2019	sigmoid	1
356	57	surprise	0.7330063198118754	Keltner2019	sigmoid	1
357	58	surprise	0.7544853635505195	Keltner2019	sigmoid	1
358	59	surprise	0.6870317030790003	Keltner2019	sigmoid	1
359	60	surprise	0.5869799834369989	Keltner2019	sigmoid	1
0	01	anger	0.5877229131405303	Cordaro2008ref	sigmoid	1
1	02	anger	0.6393024471979424	Cordaro2008ref	sigmoid	1
2	03	anger	0.5983793630003093	Cordaro2008ref	sigmoid	1
3	04	anger	0.531242070450042	Cordaro2008ref	sigmoid	1
4	05	anger	0.5400956812282542	Cordaro2008ref	sigmoid	1
5	06	anger	0.6557971652434192	Cordaro2008ref	sigmoid	1
6	07	anger	0.6206259204712813	Cordaro2008ref	sigmoid	1
7	08	anger	0.6017221218977243	Cordaro2008ref	sigmoid	1
8	09	anger	0.5794181738940947	Cordaro2008ref	sigmoid	1
9	10	anger	0.5875882541720154	Cordaro2008ref	sigmoid	1
10	11	anger	0.6175247291568535	Cordaro2008ref	sigmoid	1
11	12	anger	0.6205834582708646	Cordaro2008ref	sigmoid	1
12	13	anger	0.5850926870386899	Cordaro2008ref	sigmoid	1
13	14	anger	0.6356718726610449	Cordaro2008ref	sigmoid	1
14	15	anger	0.5184922918602444	Cordaro2008ref	sigmoid	1
15	16	anger	0.5599367923540972	Cordaro2008ref	sigmoid	1
16	17	anger	0.5223917645005018	Cordaro2008ref	sigmoid	1
17	18	anger	0.5336716732542819	Cordaro2008ref	sigmoid	1
18	19	anger	0.5432358285922974	Cordaro2008ref	sigmoid	1
19	20	anger	0.4795072969133411	Cordaro2008ref	sigmoid	1
20	21	anger	0.5734444215826294	Cordaro2008ref	sigmoid	1
21	22	anger	0.5343230960895375	Cordaro2008ref	sigmoid	1
22	23	anger	0.5443604845828387	Cordaro2008ref	sigmoid	1
23	24	anger	0.5964580600991479	Cordaro2008ref	sigmoid	1
24	25	anger	0.552692621451008	Cordaro2008ref	sigmoid	1
25	26	anger	0.5525202965713935	Cordaro2008ref	sigmoid	1
26	27	anger	0.5658158398644656	Cordaro2008ref	sigmoid	1
27	28	anger	0.529887482419128	Cordaro2008ref	sigmoid	1
28	29	anger	0.5043423124910515	Cordaro2008ref	sigmoid	1
29	30	anger	0.5619153972141357	Cordaro2008ref	sigmoid	1
30	31	anger	0.6003389009924958	Cordaro2008ref	sigmoid	1
31	32	anger	0.6208466150176268	Cordaro2008ref	sigmoid	1
32	33	anger	0.5506189647428699	Cordaro2008ref	sigmoid	1
33	34	anger	0.5216706067769896	Cordaro2008ref	sigmoid	1
34	35	anger	0.610997867803838	Cordaro2008ref	sigmoid	1
35	36	anger	0.5484716549257457	Cordaro2008ref	sigmoid	1
36	37	anger	0.5748418374973713	Cordaro2008ref	sigmoid	1
37	38	anger	0.46740439216682844	Cordaro2008ref	sigmoid	1
38	39	anger	0.5388304203470525	Cordaro2008ref	sigmoid	1
39	40	anger	0.5453843399379326	Cordaro2008ref	sigmoid	1
40	41	anger	0.5283880767688146	Cordaro2008ref	sigmoid	1
41	42	anger	0.5617598469698286	Cordaro2008ref	sigmoid	1
42	43	anger	0.5563799439125809	Cordaro2008ref	sigmoid	1
43	44	anger	0.6014911814853118	Cordaro2008ref	sigmoid	1
44	45	anger	0.5491335731993268	Cordaro2008ref	sigmoid	1
45	46	anger	0.5632663070132418	Cordaro2008ref	sigmoid	1
46	47	anger	0.5394827902053776	Cordaro2008ref	sigmoid	1
47	48	anger	0.5331775877723971	Cordaro2008ref	sigmoid	1
48	49	anger	0.5533500439212439	Cordaro2008ref	sigmoid	1
49	50	anger	0.5699952319110626	Cordaro2008ref	sigmoid	1
50	51	anger	0.5632914046121593	Cordaro2008ref	sigmoid	1
51	52	anger	0.601201221378605	Cordaro2008ref	sigmoid	1
52	53	anger	0.5242031278400291	Cordaro2008ref	sigmoid	1
53	54	anger	0.5355490843201968	Cordaro2008ref	sigmoid	1
54	55	anger	0.5308330406437329	Cordaro2008ref	sigmoid	1
55	56	anger	0.6226356424171484	Cordaro2008ref	sigmoid	1
56	57	anger	0.5917884558796959	Cordaro2008ref	sigmoid	1
57	58	anger	0.5896177958761144	Cordaro2008ref	sigmoid	1
58	59	anger	0.5421551887687346	Cordaro2008ref	sigmoid	1
59	60	anger	0.5563448772493254	Cordaro2008ref	sigmoid	1
60	01	disgust	0.7039979467099609	Cordaro2008ref	sigmoid	1
61	02	disgust	0.6478022438922093	Cordaro2008ref	sigmoid	1
62	03	disgust	0.6734376198144314	Cordaro2008ref	sigmoid	1
63	04	disgust	0.5966456906120181	Cordaro2008ref	sigmoid	1
64	05	disgust	0.6057892181806483	Cordaro2008ref	sigmoid	1
65	06	disgust	0.6917440895704738	Cordaro2008ref	sigmoid	1
66	07	disgust	0.6865086543281977	Cordaro2008ref	sigmoid	1
67	08	disgust	0.6305774114143148	Cordaro2008ref	sigmoid	1
68	09	disgust	0.6583205912334353	Cordaro2008ref	sigmoid	1
69	10	disgust	0.6348359605280021	Cordaro2008ref	sigmoid	1
70	11	disgust	0.6353534845512918	Cordaro2008ref	sigmoid	1
71	12	disgust	0.6333373819947228	Cordaro2008ref	sigmoid	1
72	13	disgust	0.6453651462174189	Cordaro2008ref	sigmoid	1
73	14	disgust	0.6728738183444047	Cordaro2008ref	sigmoid	1
74	15	disgust	0.6635945452172778	Cordaro2008ref	sigmoid	1
75	16	disgust	0.57882712395266	Cordaro2008ref	sigmoid	1
76	17	disgust	0.6116143119772706	Cordaro2008ref	sigmoid	1
77	18	disgust	0.5973502830565295	Cordaro2008ref	sigmoid	1
78	19	disgust	0.6703773870051922	Cordaro2008ref	sigmoid	1
79	20	disgust	0.655187779480284	Cordaro2008ref	sigmoid	1
80	21	disgust	0.6540938238531828	Cordaro2008ref	sigmoid	1
81	22	disgust	0.6455865764241399	Cordaro2008ref	sigmoid	1
82	23	disgust	0.6076133488123203	Cordaro2008ref	sigmoid	1
83	24	disgust	0.6879823253820156	Cordaro2008ref	sigmoid	1
84	25	disgust	0.6407825916534989	Cordaro2008ref	sigmoid	1
85	26	disgust	0.6592938477922503	Cordaro2008ref	sigmoid	1
86	27	disgust	0.6184550832974574	Cordaro2008ref	sigmoid	1
87	28	disgust	0.6244041359681276	Cordaro2008ref	sigmoid	1
88	29	disgust	0.6499551866304482	Cordaro2008ref	sigmoid	1
89	30	disgust	0.635148499233114	Cordaro2008ref	sigmoid	1
90	31	disgust	0.6703516458129644	Cordaro2008ref	sigmoid	1
91	32	disgust	0.645571431979199	Cordaro2008ref	sigmoid	1
92	33	disgust	0.6013356428611576	Cordaro2008ref	sigmoid	1
93	34	disgust	0.6985619918109798	Cordaro2008ref	sigmoid	1
94	35	disgust	0.6848573466352081	Cordaro2008ref	sigmoid	1
95	36	disgust	0.5426224969775781	Cordaro2008ref	sigmoid	1
96	37	disgust	0.6586565768554413	Cordaro2008ref	sigmoid	1
97	38	disgust	0.5007248617497064	Cordaro2008ref	sigmoid	1
98	39	disgust	0.6267932352750598	Cordaro2008ref	sigmoid	1
99	40	disgust	0.6531092821216278	Cordaro2008ref	sigmoid	1
100	41	disgust	0.6134152410953	Cordaro2008ref	sigmoid	1
101	42	disgust	0.6607472665484634	Cordaro2008ref	sigmoid	1
102	43	disgust	0.5753087412154508	Cordaro2008ref	sigmoid	1
103	44	disgust	0.6989308417329896	Cordaro2008ref	sigmoid	1
104	45	disgust	0.5932602170115395	Cordaro2008ref	sigmoid	1
105	46	disgust	0.6100833644930207	Cordaro2008ref	sigmoid	1
106	47	disgust	0.6326737814032629	Cordaro2008ref	sigmoid	1
107	48	disgust	0.6500224182515849	Cordaro2008ref	sigmoid	1
108	49	disgust	0.5755360132572521	Cordaro2008ref	sigmoid	1
109	50	disgust	0.6860472400999933	Cordaro2008ref	sigmoid	1
110	51	disgust	0.8009687265006414	Cordaro2008ref	sigmoid	1
111	52	disgust	0.6385752758211993	Cordaro2008ref	sigmoid	1
112	53	disgust	0.6611422453070894	Cordaro2008ref	sigmoid	1
113	54	disgust	0.5623417131751214	Cordaro2008ref	sigmoid	1
114	55	disgust	0.6722323013786344	Cordaro2008ref	sigmoid	1
115	56	disgust	0.6982837690055385	Cordaro2008ref	sigmoid	1
116	57	disgust	0.6585654151015554	Cordaro2008ref	sigmoid	1
117	58	disgust	0.6419108773158171	Cordaro2008ref	sigmoid	1
118	59	disgust	0.6265745705061685	Cordaro2008ref	sigmoid	1
119	60	disgust	0.5965462995627241	Cordaro2008ref	sigmoid	1
120	01	fear	0.6019778281683043	Cordaro2008ref	sigmoid	1
121	02	fear	0.7095257121716612	Cordaro2008ref	sigmoid	1
122	03	fear	0.5366366744562455	Cordaro2008ref	sigmoid	1
123	04	fear	0.5626857554793914	Cordaro2008ref	sigmoid	1
124	05	fear	0.5076982030844692	Cordaro2008ref	sigmoid	1
125	06	fear	0.6276509461385068	Cordaro2008ref	sigmoid	1
126	07	fear	0.640105740181269	Cordaro2008ref	sigmoid	1
127	08	fear	0.5825702883056054	Cordaro2008ref	sigmoid	1
128	09	fear	0.5702750589656232	Cordaro2008ref	sigmoid	1
129	10	fear	0.6290333769924078	Cordaro2008ref	sigmoid	1
130	11	fear	0.533414230525504	Cordaro2008ref	sigmoid	1
131	12	fear	0.6365539315862826	Cordaro2008ref	sigmoid	1
132	13	fear	0.5240958233484392	Cordaro2008ref	sigmoid	1
133	14	fear	0.5596003773261298	Cordaro2008ref	sigmoid	1
134	15	fear	0.5563621800228239	Cordaro2008ref	sigmoid	1
135	16	fear	0.5771414876337515	Cordaro2008ref	sigmoid	1
136	17	fear	0.5658457823756895	Cordaro2008ref	sigmoid	1
137	18	fear	0.5893610586569102	Cordaro2008ref	sigmoid	1
138	19	fear	0.5340281855549031	Cordaro2008ref	sigmoid	1
139	20	fear	0.5166252759381899	Cordaro2008ref	sigmoid	1
140	21	fear	0.5378939145676943	Cordaro2008ref	sigmoid	1
141	22	fear	0.5001050084916315	Cordaro2008ref	sigmoid	1
142	23	fear	0.5988659413608703	Cordaro2008ref	sigmoid	1
143	24	fear	0.564790965797589	Cordaro2008ref	sigmoid	1
144	25	fear	0.5826340681200016	Cordaro2008ref	sigmoid	1
145	26	fear	0.6878205823837945	Cordaro2008ref	sigmoid	1
146	27	fear	0.6074637613099152	Cordaro2008ref	sigmoid	1
147	28	fear	0.5806998791709267	Cordaro2008ref	sigmoid	1
148	29	fear	0.5807317035215761	Cordaro2008ref	sigmoid	1
149	30	fear	0.5530246064195671	Cordaro2008ref	sigmoid	1
150	31	fear	0.6250500611413407	Cordaro2008ref	sigmoid	1
151	32	fear	0.46673200196005876	Cordaro2008ref	sigmoid	1
152	33	fear	0.6653873074231038	Cordaro2008ref	sigmoid	1
153	34	fear	0.6393775011116051	Cordaro2008ref	sigmoid	1
154	35	fear	0.5942394848275768	Cordaro2008ref	sigmoid	1
155	36	fear	0.5719790405976786	Cordaro2008ref	sigmoid	1
156	37	fear	0.574981587705171	Cordaro2008ref	sigmoid	1
157	38	fear	0.5899718170663786	Cordaro2008ref	sigmoid	1
158	39	fear	0.6385316494217894	Cordaro2008ref	sigmoid	1
159	40	fear	0.5976921895240311	Cordaro2008ref	sigmoid	1
160	41	fear	0.5971425578167151	Cordaro2008ref	sigmoid	1
161	42	fear	0.5409310181416092	Cordaro2008ref	sigmoid	1
162	43	fear	0.5149465383168192	Cordaro2008ref	sigmoid	1
163	44	fear	0.6507946675777051	Cordaro2008ref	sigmoid	1
164	45	fear	0.6498654550661687	Cordaro2008ref	sigmoid	1
165	46	fear	0.49473793377101216	Cordaro2008ref	sigmoid	1
166	47	fear	0.7009987315146358	Cordaro2008ref	sigmoid	1
167	48	fear	0.6034410774410776	Cordaro2008ref	sigmoid	1
168	49	fear	0.6597049585423583	Cordaro2008ref	sigmoid	1
169	50	fear	0.6795582252385383	Cordaro2008ref	sigmoid	1
170	51	fear	0.6846298073505367	Cordaro2008ref	sigmoid	1
171	52	fear	0.5559454845914977	Cordaro2008ref	sigmoid	1
172	53	fear	0.6324969718473565	Cordaro2008ref	sigmoid	1
173	54	fear	0.5113255033557047	Cordaro2008ref	sigmoid	1
174	55	fear	0.6412838210670523	Cordaro2008ref	sigmoid	1
175	56	fear	0.6238652985716744	Cordaro2008ref	sigmoid	1
176	57	fear	0.6609737730115544	Cordaro2008ref	sigmoid	1
177	58	fear	0.6127629019280324	Cordaro2008ref	sigmoid	1
178	59	fear	0.5602956381416204	Cordaro2008ref	sigmoid	1
179	60	fear	0.5604340110357263	Cordaro2008ref	sigmoid	1
180	01	happy	0.7556915214464419	Cordaro2008ref	sigmoid	1
181	02	happy	0.8113059465272177	Cordaro2008ref	sigmoid	1
182	03	happy	0.75786693064021	Cordaro2008ref	sigmoid	1
183	04	happy	0.753226867244807	Cordaro2008ref	sigmoid	1
184	05	happy	0.7492688321119694	Cordaro2008ref	sigmoid	1
185	06	happy	0.8141250157768521	Cordaro2008ref	sigmoid	1
186	07	happy	0.7181350424264307	Cordaro2008ref	sigmoid	1
187	08	happy	0.7557474301254816	Cordaro2008ref	sigmoid	1
188	09	happy	0.7464866849148905	Cordaro2008ref	sigmoid	1
189	10	happy	0.7622776108602978	Cordaro2008ref	sigmoid	1
190	11	happy	0.7621737594513747	Cordaro2008ref	sigmoid	1
191	12	happy	0.8099779937851794	Cordaro2008ref	sigmoid	1
192	13	happy	0.8033325006313894	Cordaro2008ref	sigmoid	1
193	14	happy	0.7943005124656203	Cordaro2008ref	sigmoid	1
194	15	happy	0.7597355681499048	Cordaro2008ref	sigmoid	1
195	16	happy	0.6676519172421811	Cordaro2008ref	sigmoid	1
196	17	happy	0.6698066835537505	Cordaro2008ref	sigmoid	1
197	18	happy	0.7201177787707029	Cordaro2008ref	sigmoid	1
198	19	happy	0.7019981101018107	Cordaro2008ref	sigmoid	1
199	20	happy	0.6384327930269897	Cordaro2008ref	sigmoid	1
200	21	happy	0.6912420343715633	Cordaro2008ref	sigmoid	1
201	22	happy	0.6179757168335849	Cordaro2008ref	sigmoid	1
202	23	happy	0.7431119815268703	Cordaro2008ref	sigmoid	1
203	24	happy	0.7241641326907031	Cordaro2008ref	sigmoid	1
204	25	happy	0.712762549137395	Cordaro2008ref	sigmoid	1
205	26	happy	0.7873178720513148	Cordaro2008ref	sigmoid	1
206	27	happy	0.7248049547807461	Cordaro2008ref	sigmoid	1
207	28	happy	0.7596033064548807	Cordaro2008ref	sigmoid	1
208	29	happy	0.7189703509152631	Cordaro2008ref	sigmoid	1
209	30	happy	0.6975639881456712	Cordaro2008ref	sigmoid	1
210	31	happy	0.7867516932125131	Cordaro2008ref	sigmoid	1
211	32	happy	0.7184793654872736	Cordaro2008ref	sigmoid	1
212	33	happy	0.7560097544477968	Cordaro2008ref	sigmoid	1
213	34	happy	0.7613231552162849	Cordaro2008ref	sigmoid	1
214	35	happy	0.7809908047350376	Cordaro2008ref	sigmoid	1
215	36	happy	0.7325327935853022	Cordaro2008ref	sigmoid	1
216	37	happy	0.6968145662348485	Cordaro2008ref	sigmoid	1
217	38	happy	0.6591010210353464	Cordaro2008ref	sigmoid	1
218	39	happy	0.7240525640216315	Cordaro2008ref	sigmoid	1
219	40	happy	0.6594368981033685	Cordaro2008ref	sigmoid	1
220	41	happy	0.6699328449328448	Cordaro2008ref	sigmoid	1
221	42	happy	0.7260996291920421	Cordaro2008ref	sigmoid	1
222	43	happy	0.685498684972218	Cordaro2008ref	sigmoid	1
223	44	happy	0.774365033919854	Cordaro2008ref	sigmoid	1
224	45	happy	0.7691439279674575	Cordaro2008ref	sigmoid	1
225	46	happy	0.6766802579682338	Cordaro2008ref	sigmoid	1
226	47	happy	0.5979984105817541	Cordaro2008ref	sigmoid	1
227	48	happy	0.7005653560042508	Cordaro2008ref	sigmoid	1
228	49	happy	0.7534898520228076	Cordaro2008ref	sigmoid	1
229	50	happy	0.6698590717415491	Cordaro2008ref	sigmoid	1
230	51	happy	0.794989873147852	Cordaro2008ref	sigmoid	1
231	52	happy	0.6795950355063656	Cordaro2008ref	sigmoid	1
232	53	happy	0.6969603145865366	Cordaro2008ref	sigmoid	1
233	54	happy	0.6880036532783924	Cordaro2008ref	sigmoid	1
234	55	happy	0.740000505314995	Cordaro2008ref	sigmoid	1
235	56	happy	0.7619673501300873	Cordaro2008ref	sigmoid	1
236	57	happy	0.7340746598248924	Cordaro2008ref	sigmoid	1
237	58	happy	0.7369647290118995	Cordaro2008ref	sigmoid	1
238	59	happy	0.6826060385835095	Cordaro2008ref	sigmoid	1
239	60	happy	0.7345882581837637	Cordaro2008ref	sigmoid	1
240	01	sadness	0.5831033349761787	Cordaro2008ref	sigmoid	1
241	02	sadness	0.595335819152018	Cordaro2008ref	sigmoid	1
242	03	sadness	0.5850830330424781	Cordaro2008ref	sigmoid	1
243	04	sadness	0.6035405793812874	Cordaro2008ref	sigmoid	1
244	05	sadness	0.6216098575294493	Cordaro2008ref	sigmoid	1
245	06	sadness	0.6554356191118108	Cordaro2008ref	sigmoid	1
246	07	sadness	0.6271211523283347	Cordaro2008ref	sigmoid	1
247	08	sadness	0.568418357038478	Cordaro2008ref	sigmoid	1
248	09	sadness	0.6799414115723499	Cordaro2008ref	sigmoid	1
249	10	sadness	0.6332010634895251	Cordaro2008ref	sigmoid	1
250	11	sadness	0.5751379274089569	Cordaro2008ref	sigmoid	1
251	12	sadness	0.5994887851907289	Cordaro2008ref	sigmoid	1
252	13	sadness	0.6304068451709737	Cordaro2008ref	sigmoid	1
253	14	sadness	0.5677034079366747	Cordaro2008ref	sigmoid	1
254	15	sadness	0.6444102888657836	Cordaro2008ref	sigmoid	1
255	16	sadness	0.583137566276445	Cordaro2008ref	sigmoid	1
256	17	sadness	0.5430766907511093	Cordaro2008ref	sigmoid	1
257	18	sadness	0.6106636422725403	Cordaro2008ref	sigmoid	1
258	19	sadness	0.5711392019494363	Cordaro2008ref	sigmoid	1
259	20	sadness	0.5738563177028548	Cordaro2008ref	sigmoid	1
260	21	sadness	0.7002120288443898	Cordaro2008ref	sigmoid	1
261	22	sadness	0.5820111537774515	Cordaro2008ref	sigmoid	1
262	23	sadness	0.6106737294003601	Cordaro2008ref	sigmoid	1
263	24	sadness	0.6327683615819208	Cordaro2008ref	sigmoid	1
264	25	sadness	0.6078385283597343	Cordaro2008ref	sigmoid	1
265	26	sadness	0.6516584316129885	Cordaro2008ref	sigmoid	1
266	27	sadness	0.6503811352593756	Cordaro2008ref	sigmoid	1
267	28	sadness	0.6267556323692156	Cordaro2008ref	sigmoid	1
268	29	sadness	0.555079397892515	Cordaro2008ref	sigmoid	1
269	30	sadness	0.6638359335785042	Cordaro2008ref	sigmoid	1
270	31	sadness	0.6455893690403733	Cordaro2008ref	sigmoid	1
271	32	sadness	0.608717350986554	Cordaro2008ref	sigmoid	1
272	33	sadness	0.5956984484244805	Cordaro2008ref	sigmoid	1
273	34	sadness	0.694161220043573	Cordaro2008ref	sigmoid	1
274	35	sadness	0.6914096056228036	Cordaro2008ref	sigmoid	1
275	36	sadness	0.6070650447604944	Cordaro2008ref	sigmoid	1
276	37	sadness	0.5579225511497374	Cordaro2008ref	sigmoid	1
277	38	sadness	0.6021222922158553	Cordaro2008ref	sigmoid	1
278	39	sadness	0.6232340450835716	Cordaro2008ref	sigmoid	1
279	40	sadness	0.6214129697463031	Cordaro2008ref	sigmoid	1
280	41	sadness	0.5396021161316458	Cordaro2008ref	sigmoid	1
281	42	sadness	0.6102322207176811	Cordaro2008ref	sigmoid	1
282	43	sadness	0.6191653353248316	Cordaro2008ref	sigmoid	1
283	44	sadness	0.5865039685523108	Cordaro2008ref	sigmoid	1
284	45	sadness	0.619492994635297	Cordaro2008ref	sigmoid	1
285	46	sadness	0.5364765902056045	Cordaro2008ref	sigmoid	1
286	47	sadness	0.6119717482366467	Cordaro2008ref	sigmoid	1
287	48	sadness	0.6938113808919177	Cordaro2008ref	sigmoid	1
288	49	sadness	0.6035114209776202	Cordaro2008ref	sigmoid	1
289	50	sadness	0.45591225346624265	Cordaro2008ref	sigmoid	1
290	51	sadness	0.6504980536742833	Cordaro2008ref	sigmoid	1
291	52	sadness	0.5602236897996208	Cordaro2008ref	sigmoid	1
292	53	sadness	0.6011589959693229	Cordaro2008ref	sigmoid	1
293	54	sadness	0.45487306501547986	Cordaro2008ref	sigmoid	1
294	55	sadness	0.5873469352257705	Cordaro2008ref	sigmoid	1
295	56	sadness	0.6499717463716392	Cordaro2008ref	sigmoid	1
296	57	sadness	0.6396838757949869	Cordaro2008ref	sigmoid	1
297	58	sadness	0.5984544542719066	Cordaro2008ref	sigmoid	1
298	59	sadness	0.600408926276434	Cordaro2008ref	sigmoid	1
299	60	sadness	0.5978026566596802	Cordaro2008ref	sigmoid	1
300	01	surprise	0.7991209835857784	Cordaro2008ref	sigmoid	1
301	02	surprise	0.820909198441298	Cordaro2008ref	sigmoid	1
302	03	surprise	0.8420124558055593	Cordaro2008ref	sigmoid	1
303	04	surprise	0.7152715541670507	Cordaro2008ref	sigmoid	1
304	05	surprise	0.806080492241465	Cordaro2008ref	sigmoid	1
305	06	surprise	0.7937560311552246	Cordaro2008ref	sigmoid	1
306	07	surprise	0.8937007332879753	Cordaro2008ref	sigmoid	1
307	08	surprise	0.8432340852940496	Cordaro2008ref	sigmoid	1
308	09	surprise	0.817777150385846	Cordaro2008ref	sigmoid	1
309	10	surprise	0.8293262345627012	Cordaro2008ref	sigmoid	1
310	11	surprise	0.8977121930008358	Cordaro2008ref	sigmoid	1
311	12	surprise	0.8891770331728197	Cordaro2008ref	sigmoid	1
312	13	surprise	0.84016470087854	Cordaro2008ref	sigmoid	1
313	14	surprise	0.8295091594801071	Cordaro2008ref	sigmoid	1
314	15	surprise	0.7974635802503185	Cordaro2008ref	sigmoid	1
315	16	surprise	0.7039166788485448	Cordaro2008ref	sigmoid	1
316	17	surprise	0.674254193128155	Cordaro2008ref	sigmoid	1
317	18	surprise	0.7440299494231595	Cordaro2008ref	sigmoid	1
318	19	surprise	0.7776207218764353	Cordaro2008ref	sigmoid	1
319	20	surprise	0.707902500559523	Cordaro2008ref	sigmoid	1
320	21	surprise	0.7418314789627417	Cordaro2008ref	sigmoid	1
321	22	surprise	0.6259006345168225	Cordaro2008ref	sigmoid	1
322	23	surprise	0.7870914585248499	Cordaro2008ref	sigmoid	1
323	24	surprise	0.8032460404578955	Cordaro2008ref	sigmoid	1
324	25	surprise	0.7145228431378209	Cordaro2008ref	sigmoid	1
325	26	surprise	0.7717724150967175	Cordaro2008ref	sigmoid	1
326	27	surprise	0.7853678127753819	Cordaro2008ref	sigmoid	1
327	28	surprise	0.7658504176157935	Cordaro2008ref	sigmoid	1
328	29	surprise	0.6929405272042592	Cordaro2008ref	sigmoid	1
329	30	surprise	0.6690147454357104	Cordaro2008ref	sigmoid	1
330	31	surprise	0.7946473453551681	Cordaro2008ref	sigmoid	1
331	32	surprise	0.7748014005098532	Cordaro2008ref	sigmoid	1
332	33	surprise	0.7188522729924005	Cordaro2008ref	sigmoid	1
333	34	surprise	0.8007367452447544	Cordaro2008ref	sigmoid	1
334	35	surprise	0.7206618473773407	Cordaro2008ref	sigmoid	1
335	36	surprise	0.6427711885894128	Cordaro2008ref	sigmoid	1
336	37	surprise	0.6877383014389433	Cordaro2008ref	sigmoid	1
337	38	surprise	0.6841581130890398	Cordaro2008ref	sigmoid	1
338	39	surprise	0.7912836523490421	Cordaro2008ref	sigmoid	1
339	40	surprise	0.7343367548361628	Cordaro2008ref	sigmoid	1
340	41	surprise	0.7110337763185557	Cordaro2008ref	sigmoid	1
341	42	surprise	0.8024464466589702	Cordaro2008ref	sigmoid	1
342	43	surprise	0.7499419785320568	Cordaro2008ref	sigmoid	1
343	44	surprise	0.7832855891955209	Cordaro2008ref	sigmoid	1
344	45	surprise	0.7635541253487279	Cordaro2008ref	sigmoid	1
345	46	surprise	0.695370728035379	Cordaro2008ref	sigmoid	1
346	47	surprise	0.7347710965464263	Cordaro2008ref	sigmoid	1
347	48	surprise	0.6767722572730459	Cordaro2008ref	sigmoid	1
348	49	surprise	0.7739139478448442	Cordaro2008ref	sigmoid	1
349	50	surprise	0.8090654808326834	Cordaro2008ref	sigmoid	1
350	51	surprise	0.8257239610696989	Cordaro2008ref	sigmoid	1
351	52	surprise	0.7079509486405573	Cordaro2008ref	sigmoid	1
352	53	surprise	0.7747690553494124	Cordaro2008ref	sigmoid	1
353	54	surprise	0.6605962340172076	Cordaro2008ref	sigmoid	1
354	55	surprise	0.8192982035353656	Cordaro2008ref	sigmoid	1
355	56	surprise	0.743400126876966	Cordaro2008ref	sigmoid	1
356	57	surprise	0.7485178310671142	Cordaro2008ref	sigmoid	1
357	58	surprise	0.7563322568173358	Cordaro2008ref	sigmoid	1
358	59	surprise	0.6944967848684065	Cordaro2008ref	sigmoid	1
359	60	surprise	0.5708558358148468	Cordaro2008ref	sigmoid	1
0	01	anger	0.6489973507984399	Ekman	sigmoid	1
1	02	anger	0.6670908974482118	Ekman	sigmoid	1
2	03	anger	0.6053800738493131	Ekman	sigmoid	1
3	04	anger	0.57944375543486	Ekman	sigmoid	1
4	05	anger	0.6008518804882089	Ekman	sigmoid	1
5	06	anger	0.6825884516438262	Ekman	sigmoid	1
6	07	anger	0.6468532155130093	Ekman	sigmoid	1
7	08	anger	0.660411953145	Ekman	sigmoid	1
8	09	anger	0.6462246676835912	Ekman	sigmoid	1
9	10	anger	0.6344535118283513	Ekman	sigmoid	1
10	11	anger	0.6051118699952897	Ekman	sigmoid	1
11	12	anger	0.6386900299850076	Ekman	sigmoid	1
12	13	anger	0.6612407383795882	Ekman	sigmoid	1
13	14	anger	0.6896877027094457	Ekman	sigmoid	1
14	15	anger	0.6366209073924207	Ekman	sigmoid	1
15	16	anger	0.6039444051801328	Ekman	sigmoid	1
16	17	anger	0.5719696969696969	Ekman	sigmoid	1
17	18	anger	0.5807947299077734	Ekman	sigmoid	1
18	19	anger	0.5867389592160901	Ekman	sigmoid	1
19	20	anger	0.5342567480304792	Ekman	sigmoid	1
20	21	anger	0.6219151678729637	Ekman	sigmoid	1
21	22	anger	0.560413861049885	Ekman	sigmoid	1
22	23	anger	0.5593267738106109	Ekman	sigmoid	1
23	24	anger	0.6160698819628319	Ekman	sigmoid	1
24	25	anger	0.5827885319142447	Ekman	sigmoid	1
25	26	anger	0.6234762564131296	Ekman	sigmoid	1
26	27	anger	0.6222104768616397	Ekman	sigmoid	1
27	28	anger	0.5714071277584489	Ekman	sigmoid	1
28	29	anger	0.5531304330040294	Ekman	sigmoid	1
29	30	anger	0.5451206300797355	Ekman	sigmoid	1
30	31	anger	0.6418663761801018	Ekman	sigmoid	1
31	32	anger	0.6498028857317767	Ekman	sigmoid	1
32	33	anger	0.6101414375541369	Ekman	sigmoid	1
33	34	anger	0.5925180499648585	Ekman	sigmoid	1
34	35	anger	0.6550255863539446	Ekman	sigmoid	1
35	36	anger	0.5413273467936766	Ekman	sigmoid	1
36	37	anger	0.5901576937791526	Ekman	sigmoid	1
37	38	anger	0.5320034004652949	Ekman	sigmoid	1
38	39	anger	0.6234082983566163	Ekman	sigmoid	1
39	40	anger	0.5851915731678204	Ekman	sigmoid	1
40	41	anger	0.5949984212727102	Ekman	sigmoid	1
41	42	anger	0.6104582210242588	Ekman	sigmoid	1
42	43	anger	0.6393989942945556	Ekman	sigmoid	1
43	44	anger	0.6805224026609275	Ekman	sigmoid	1
44	45	anger	0.6104050784620396	Ekman	sigmoid	1
45	46	anger	0.6052019293804483	Ekman	sigmoid	1
46	47	anger	0.5573022044006596	Ekman	sigmoid	1
47	48	anger	0.5931371065375303	Ekman	sigmoid	1
48	49	anger	0.5984652742420088	Ekman	sigmoid	1
49	50	anger	0.5800615459901	Ekman	sigmoid	1
50	51	anger	0.6162106918238994	Ekman	sigmoid	1
51	52	anger	0.6306486894070041	Ekman	sigmoid	1
52	53	anger	0.5768404668463805	Ekman	sigmoid	1
53	54	anger	0.5495882137233331	Ekman	sigmoid	1
54	55	anger	0.5922534599857141	Ekman	sigmoid	1
55	56	anger	0.664774944135069	Ekman	sigmoid	1
56	57	anger	0.669811418158165	Ekman	sigmoid	1
57	58	anger	0.6437768041999409	Ekman	sigmoid	1
58	59	anger	0.5879990243109197	Ekman	sigmoid	1
59	60	anger	0.6000504908371547	Ekman	sigmoid	1
60	01	disgust	0.7117763744309681	Ekman	sigmoid	1
61	02	disgust	0.6963379469434834	Ekman	sigmoid	1
62	03	disgust	0.7392607928839813	Ekman	sigmoid	1
63	04	disgust	0.6567195858237671	Ekman	sigmoid	1
64	05	disgust	0.6942464599673633	Ekman	sigmoid	1
65	06	disgust	0.8183918525880068	Ekman	sigmoid	1
66	07	disgust	0.7078795991461958	Ekman	sigmoid	1
67	08	disgust	0.674031211277623	Ekman	sigmoid	1
68	09	disgust	0.6821373135019924	Ekman	sigmoid	1
69	10	disgust	0.738833278409403	Ekman	sigmoid	1
70	11	disgust	0.7678850441750908	Ekman	sigmoid	1
71	12	disgust	0.6920548540809627	Ekman	sigmoid	1
72	13	disgust	0.7843263270820089	Ekman	sigmoid	1
73	14	disgust	0.7953340572304548	Ekman	sigmoid	1
74	15	disgust	0.7678515328587102	Ekman	sigmoid	1
75	16	disgust	0.6134050833891769	Ekman	sigmoid	1
76	17	disgust	0.6136738931397554	Ekman	sigmoid	1
77	18	disgust	0.6403121878642419	Ekman	sigmoid	1
78	19	disgust	0.6908227813940434	Ekman	sigmoid	1
79	20	disgust	0.6410398230088495	Ekman	sigmoid	1
80	21	disgust	0.6456942872758905	Ekman	sigmoid	1
81	22	disgust	0.6646892218751357	Ekman	sigmoid	1
82	23	disgust	0.6436507432634662	Ekman	sigmoid	1
83	24	disgust	0.7191841533899157	Ekman	sigmoid	1
84	25	disgust	0.6761247687992258	Ekman	sigmoid	1
85	26	disgust	0.6848582383983806	Ekman	sigmoid	1
86	27	disgust	0.6506089128931679	Ekman	sigmoid	1
87	28	disgust	0.6502099829824218	Ekman	sigmoid	1
88	29	disgust	0.7191325510527695	Ekman	sigmoid	1
89	30	disgust	0.6430794600733881	Ekman	sigmoid	1
90	31	disgust	0.7250745659088378	Ekman	sigmoid	1
91	32	disgust	0.6849054907307335	Ekman	sigmoid	1
92	33	disgust	0.6291924061498843	Ekman	sigmoid	1
93	34	disgust	0.7708364747775858	Ekman	sigmoid	1
94	35	disgust	0.6886832922663235	Ekman	sigmoid	1
95	36	disgust	0.5449265644630926	Ekman	sigmoid	1
96	37	disgust	0.7241529196709154	Ekman	sigmoid	1
97	38	disgust	0.5452612863327149	Ekman	sigmoid	1
98	39	disgust	0.6758042830298711	Ekman	sigmoid	1
99	40	disgust	0.687383401920439	Ekman	sigmoid	1
100	41	disgust	0.6089572009941825	Ekman	sigmoid	1
101	42	disgust	0.6830027334515365	Ekman	sigmoid	1
102	43	disgust	0.6283514337086459	Ekman	sigmoid	1
103	44	disgust	0.7130983873787996	Ekman	sigmoid	1
104	45	disgust	0.6328780478803238	Ekman	sigmoid	1
105	46	disgust	0.5971339364414112	Ekman	sigmoid	1
106	47	disgust	0.6846017665899309	Ekman	sigmoid	1
107	48	disgust	0.6551447280613947	Ekman	sigmoid	1
108	49	disgust	0.6264978474049271	Ekman	sigmoid	1
109	50	disgust	0.7476835298360134	Ekman	sigmoid	1
110	51	disgust	0.845274693678949	Ekman	sigmoid	1
111	52	disgust	0.656554239015104	Ekman	sigmoid	1
112	53	disgust	0.6870164189737726	Ekman	sigmoid	1
113	54	disgust	0.5960877986441828	Ekman	sigmoid	1
114	55	disgust	0.7438700403274056	Ekman	sigmoid	1
115	56	disgust	0.7754533107559882	Ekman	sigmoid	1
116	57	disgust	0.6911688434155312	Ekman	sigmoid	1
117	58	disgust	0.6855990697322102	Ekman	sigmoid	1
118	59	disgust	0.6558183442868672	Ekman	sigmoid	1
119	60	disgust	0.6443077216529522	Ekman	sigmoid	1
120	01	fear	0.6577743818944648	Ekman	sigmoid	1
121	02	fear	0.7880059193488717	Ekman	sigmoid	1
122	03	fear	0.5737456212772111	Ekman	sigmoid	1
123	04	fear	0.5552091633046243	Ekman	sigmoid	1
124	05	fear	0.50402124699335	Ekman	sigmoid	1
125	06	fear	0.6624443283524444	Ekman	sigmoid	1
126	07	fear	0.6658610271903324	Ekman	sigmoid	1
127	08	fear	0.6683107213724628	Ekman	sigmoid	1
128	09	fear	0.5991499834782311	Ekman	sigmoid	1
129	10	fear	0.6942028703991475	Ekman	sigmoid	1
130	11	fear	0.5822980210568107	Ekman	sigmoid	1
131	12	fear	0.7068469681761397	Ekman	sigmoid	1
132	13	fear	0.5896394365751616	Ekman	sigmoid	1
133	14	fear	0.6165018246958046	Ekman	sigmoid	1
134	15	fear	0.5770834029671154	Ekman	sigmoid	1
135	16	fear	0.5575863627991091	Ekman	sigmoid	1
136	17	fear	0.6134969867101157	Ekman	sigmoid	1
137	18	fear	0.5519951242181045	Ekman	sigmoid	1
138	19	fear	0.5345351340771188	Ekman	sigmoid	1
139	20	fear	0.5237275486654626	Ekman	sigmoid	1
140	21	fear	0.4690765156422665	Ekman	sigmoid	1
141	22	fear	0.4600976000185212	Ekman	sigmoid	1
142	23	fear	0.6214641342430389	Ekman	sigmoid	1
143	24	fear	0.6157605743622091	Ekman	sigmoid	1
144	25	fear	0.6177708764665286	Ekman	sigmoid	1
145	26	fear	0.7098896726351962	Ekman	sigmoid	1
146	27	fear	0.6524809134699244	Ekman	sigmoid	1
147	28	fear	0.5789861976020076	Ekman	sigmoid	1
148	29	fear	0.6028500957034594	Ekman	sigmoid	1
149	30	fear	0.602307721499239	Ekman	sigmoid	1
150	31	fear	0.6291670894051935	Ekman	sigmoid	1
151	32	fear	0.47042911287338623	Ekman	sigmoid	1
152	33	fear	0.7333189757947283	Ekman	sigmoid	1
153	34	fear	0.6270631391729657	Ekman	sigmoid	1
154	35	fear	0.5965853592542987	Ekman	sigmoid	1
155	36	fear	0.5753211198467617	Ekman	sigmoid	1
156	37	fear	0.6085248161062504	Ekman	sigmoid	1
157	38	fear	0.7028543072149147	Ekman	sigmoid	1
158	39	fear	0.6492939744370055	Ekman	sigmoid	1
159	40	fear	0.643413491878965	Ekman	sigmoid	1
160	41	fear	0.660555736398433	Ekman	sigmoid	1
161	42	fear	0.5112701556557347	Ekman	sigmoid	1
162	43	fear	0.5276683807851499	Ekman	sigmoid	1
163	44	fear	0.6370543562587634	Ekman	sigmoid	1
164	45	fear	0.7136997171871459	Ekman	sigmoid	1
165	46	fear	0.49347690161844987	Ekman	sigmoid	1
166	47	fear	0.7644169784357489	Ekman	sigmoid	1
167	48	fear	0.627090909090909	Ekman	sigmoid	1
168	49	fear	0.6849234112866011	Ekman	sigmoid	1
169	50	fear	0.6761831134949737	Ekman	sigmoid	1
170	51	fear	0.7041968792208715	Ekman	sigmoid	1
171	52	fear	0.5871597326892695	Ekman	sigmoid	1
172	53	fear	0.629091064808584	Ekman	sigmoid	1
173	54	fear	0.544174706375839	Ekman	sigmoid	1
174	55	fear	0.6671550346297282	Ekman	sigmoid	1
175	56	fear	0.6795334279814145	Ekman	sigmoid	1
176	57	fear	0.6806892865976468	Ekman	sigmoid	1
177	58	fear	0.638504629110946	Ekman	sigmoid	1
178	59	fear	0.5289308905380333	Ekman	sigmoid	1
179	60	fear	0.6165398946641635	Ekman	sigmoid	1
180	01	happy	0.7832933325528303	Ekman	sigmoid	1
181	02	happy	0.8456409189062621	Ekman	sigmoid	1
182	03	happy	0.7926180095208435	Ekman	sigmoid	1
183	04	happy	0.7835551347089874	Ekman	sigmoid	1
184	05	happy	0.7863033934112366	Ekman	sigmoid	1
185	06	happy	0.8432885270730783	Ekman	sigmoid	1
186	07	happy	0.7394385268098934	Ekman	sigmoid	1
187	08	happy	0.79326748066576	Ekman	sigmoid	1
188	09	happy	0.7845479308482763	Ekman	sigmoid	1
189	10	happy	0.7933894779065925	Ekman	sigmoid	1
190	11	happy	0.7986367009881609	Ekman	sigmoid	1
191	12	happy	0.8399766667772506	Ekman	sigmoid	1
192	13	happy	0.8359821948193128	Ekman	sigmoid	1
193	14	happy	0.8261781443738879	Ekman	sigmoid	1
194	15	happy	0.797662746087772	Ekman	sigmoid	1
195	16	happy	0.6934987994529316	Ekman	sigmoid	1
196	17	happy	0.6988860743749268	Ekman	sigmoid	1
197	18	happy	0.7519526876754005	Ekman	sigmoid	1
198	19	happy	0.7419526915808083	Ekman	sigmoid	1
199	20	happy	0.6756346050921325	Ekman	sigmoid	1
200	21	happy	0.7287339946570197	Ekman	sigmoid	1
201	22	happy	0.634614659075319	Ekman	sigmoid	1
202	23	happy	0.7778771662975719	Ekman	sigmoid	1
203	24	happy	0.7629425838970137	Ekman	sigmoid	1
204	25	happy	0.7414940929737477	Ekman	sigmoid	1
205	26	happy	0.8275351053382662	Ekman	sigmoid	1
206	27	happy	0.7650671967037543	Ekman	sigmoid	1
207	28	happy	0.7910687513386164	Ekman	sigmoid	1
208	29	happy	0.7479559666070542	Ekman	sigmoid	1
209	30	happy	0.73873217426014	Ekman	sigmoid	1
210	31	happy	0.8120494191848628	Ekman	sigmoid	1
211	32	happy	0.7546601408730391	Ekman	sigmoid	1
212	33	happy	0.7797050080545394	Ekman	sigmoid	1
213	34	happy	0.7836572896051268	Ekman	sigmoid	1
214	35	happy	0.8102092023163958	Ekman	sigmoid	1
215	36	happy	0.7771203923552995	Ekman	sigmoid	1
216	37	happy	0.7252312248405794	Ekman	sigmoid	1
217	38	happy	0.6998656049611492	Ekman	sigmoid	1
218	39	happy	0.7480167497843149	Ekman	sigmoid	1
219	40	happy	0.6876492329833513	Ekman	sigmoid	1
220	41	happy	0.7078398453398453	Ekman	sigmoid	1
221	42	happy	0.7546512711920839	Ekman	sigmoid	1
222	43	happy	0.7322425667883694	Ekman	sigmoid	1
223	44	happy	0.8104346011626892	Ekman	sigmoid	1
224	45	happy	0.8029034690799397	Ekman	sigmoid	1
225	46	happy	0.7018208346658139	Ekman	sigmoid	1
226	47	happy	0.6208806454654436	Ekman	sigmoid	1
227	48	happy	0.7307927736450585	Ekman	sigmoid	1
228	49	happy	0.7879225495519957	Ekman	sigmoid	1
229	50	happy	0.7057659025040177	Ekman	sigmoid	1
230	51	happy	0.8163330135380023	Ekman	sigmoid	1
231	52	happy	0.7052827714157763	Ekman	sigmoid	1
232	53	happy	0.7299635629584149	Ekman	sigmoid	1
233	54	happy	0.7250129209943148	Ekman	sigmoid	1
234	55	happy	0.7744859568369118	Ekman	sigmoid	1
235	56	happy	0.7960012222357028	Ekman	sigmoid	1
236	57	happy	0.7643891351152564	Ekman	sigmoid	1
237	58	happy	0.7734235640514691	Ekman	sigmoid	1
238	59	happy	0.7207642375792812	Ekman	sigmoid	1
239	60	happy	0.7632407542519902	Ekman	sigmoid	1
240	01	sadness	0.7554871036635452	Ekman	sigmoid	1
241	02	sadness	0.599531806330427	Ekman	sigmoid	1
242	03	sadness	0.6670983815745725	Ekman	sigmoid	1
243	04	sadness	0.6456652295590348	Ekman	sigmoid	1
244	05	sadness	0.6598590218083412	Ekman	sigmoid	1
245	06	sadness	0.7033375417276548	Ekman	sigmoid	1
246	07	sadness	0.6721038323248267	Ekman	sigmoid	1
247	08	sadness	0.663159057056803	Ekman	sigmoid	1
248	09	sadness	0.7382777727314016	Ekman	sigmoid	1
249	10	sadness	0.7365524548216856	Ekman	sigmoid	1
250	11	sadness	0.5777802679416306	Ekman	sigmoid	1
251	12	sadness	0.6475520569655082	Ekman	sigmoid	1
252	13	sadness	0.7420049266255532	Ekman	sigmoid	1
253	14	sadness	0.6926873547920096	Ekman	sigmoid	1
254	15	sadness	0.7353717234635344	Ekman	sigmoid	1
255	16	sadness	0.640603181269358	Ekman	sigmoid	1
256	17	sadness	0.6551460167739238	Ekman	sigmoid	1
257	18	sadness	0.7150927878811997	Ekman	sigmoid	1
258	19	sadness	0.6428304904051172	Ekman	sigmoid	1
259	20	sadness	0.6440218494528409	Ekman	sigmoid	1
260	21	sadness	0.7252180263325008	Ekman	sigmoid	1
261	22	sadness	0.6245631799022786	Ekman	sigmoid	1
262	23	sadness	0.6889973687854867	Ekman	sigmoid	1
263	24	sadness	0.7112265354474212	Ekman	sigmoid	1
264	25	sadness	0.6850045988758303	Ekman	sigmoid	1
265	26	sadness	0.7261490003726813	Ekman	sigmoid	1
266	27	sadness	0.7148570015419976	Ekman	sigmoid	1
267	28	sadness	0.6919240911016081	Ekman	sigmoid	1
268	29	sadness	0.6808512085126293	Ekman	sigmoid	1
269	30	sadness	0.7124483963162909	Ekman	sigmoid	1
270	31	sadness	0.7192412254006898	Ekman	sigmoid	1
271	32	sadness	0.6773800937612694	Ekman	sigmoid	1
272	33	sadness	0.6766271489799827	Ekman	sigmoid	1
273	34	sadness	0.7211249752426223	Ekman	sigmoid	1
274	35	sadness	0.7058782376675778	Ekman	sigmoid	1
275	36	sadness	0.665506457948399	Ekman	sigmoid	1
276	37	sadness	0.6244134377451868	Ekman	sigmoid	1
277	38	sadness	0.6820707664509102	Ekman	sigmoid	1
278	39	sadness	0.6899352338666918	Ekman	sigmoid	1
279	40	sadness	0.6779249762583096	Ekman	sigmoid	1
280	41	sadness	0.5640518037514558	Ekman	sigmoid	1
281	42	sadness	0.6389071370368881	Ekman	sigmoid	1
282	43	sadness	0.6569352668513214	Ekman	sigmoid	1
283	44	sadness	0.6891050082163532	Ekman	sigmoid	1
284	45	sadness	0.6988772070805152	Ekman	sigmoid	1
285	46	sadness	0.6290184336756657	Ekman	sigmoid	1
286	47	sadness	0.667813124239797	Ekman	sigmoid	1
287	48	sadness	0.7293183643854784	Ekman	sigmoid	1
288	49	sadness	0.6560548515080313	Ekman	sigmoid	1
289	50	sadness	0.5388546000779355	Ekman	sigmoid	1
290	51	sadness	0.7272295714918666	Ekman	sigmoid	1
291	52	sadness	0.6559698769314715	Ekman	sigmoid	1
292	53	sadness	0.6703518169074073	Ekman	sigmoid	1
293	54	sadness	0.5254117647058824	Ekman	sigmoid	1
294	55	sadness	0.6869446432298655	Ekman	sigmoid	1
295	56	sadness	0.7213523078753272	Ekman	sigmoid	1
296	57	sadness	0.7492082381929125	Ekman	sigmoid	1
297	58	sadness	0.6752188383331813	Ekman	sigmoid	1
298	59	sadness	0.6796381676507859	Ekman	sigmoid	1
299	60	sadness	0.6625136588315361	Ekman	sigmoid	1
300	01	surprise	0.8355225299448634	Ekman	sigmoid	1
301	02	surprise	0.8555584988079826	Ekman	sigmoid	1
302	03	surprise	0.8397572449296588	Ekman	sigmoid	1
303	04	surprise	0.7342620589146768	Ekman	sigmoid	1
304	05	surprise	0.8046744222772018	Ekman	sigmoid	1
305	06	surprise	0.8454051213123794	Ekman	sigmoid	1
306	07	surprise	0.8934516078043282	Ekman	sigmoid	1
307	08	surprise	0.8456565994750899	Ekman	sigmoid	1
308	09	surprise	0.8296795595708639	Ekman	sigmoid	1
309	10	surprise	0.8500423314743989	Ekman	sigmoid	1
310	11	surprise	0.8982957195287629	Ekman	sigmoid	1
311	12	surprise	0.885320525682183	Ekman	sigmoid	1
312	13	surprise	0.8736504242020098	Ekman	sigmoid	1
313	14	surprise	0.8359061134833912	Ekman	sigmoid	1
314	15	surprise	0.8479789176397905	Ekman	sigmoid	1
315	16	surprise	0.712051519936548	Ekman	sigmoid	1
316	17	surprise	0.6730825598436737	Ekman	sigmoid	1
317	18	surprise	0.7781040296188555	Ekman	sigmoid	1
318	19	surprise	0.8003304772915645	Ekman	sigmoid	1
319	20	surprise	0.7171498911473275	Ekman	sigmoid	1
320	21	surprise	0.7694077162627186	Ekman	sigmoid	1
321	22	surprise	0.6720842352696139	Ekman	sigmoid	1
322	23	surprise	0.837901206798756	Ekman	sigmoid	1
323	24	surprise	0.8529255527677593	Ekman	sigmoid	1
324	25	surprise	0.7334745933961883	Ekman	sigmoid	1
325	26	surprise	0.8207191313296789	Ekman	sigmoid	1
326	27	surprise	0.8243677425895455	Ekman	sigmoid	1
327	28	surprise	0.7961784578477655	Ekman	sigmoid	1
328	29	surprise	0.7119348136605634	Ekman	sigmoid	1
329	30	surprise	0.6994815575133769	Ekman	sigmoid	1
330	31	surprise	0.8429568190989997	Ekman	sigmoid	1
331	32	surprise	0.797169362260279	Ekman	sigmoid	1
332	33	surprise	0.7521926056957904	Ekman	sigmoid	1
333	34	surprise	0.8265606649473927	Ekman	sigmoid	1
334	35	surprise	0.7440091619735003	Ekman	sigmoid	1
335	36	surprise	0.6867914163021037	Ekman	sigmoid	1
336	37	surprise	0.7005051223478287	Ekman	sigmoid	1
337	38	surprise	0.7027463536612146	Ekman	sigmoid	1
338	39	surprise	0.8459615159076479	Ekman	sigmoid	1
339	40	surprise	0.7590022810018862	Ekman	sigmoid	1
340	41	surprise	0.7399690909334895	Ekman	sigmoid	1
341	42	surprise	0.8253915597369107	Ekman	sigmoid	1
342	43	surprise	0.7778212938787351	Ekman	sigmoid	1
343	44	surprise	0.8385561940770208	Ekman	sigmoid	1
344	45	surprise	0.7942560008839048	Ekman	sigmoid	1
345	46	surprise	0.716323844755778	Ekman	sigmoid	1
346	47	surprise	0.7867177157053431	Ekman	sigmoid	1
347	48	surprise	0.6794492639327024	Ekman	sigmoid	1
348	49	surprise	0.8061253418589424	Ekman	sigmoid	1
349	50	surprise	0.8424758033875257	Ekman	sigmoid	1
350	51	surprise	0.8435505433284263	Ekman	sigmoid	1
351	52	surprise	0.72642112416508	Ekman	sigmoid	1
352	53	surprise	0.7904433364254793	Ekman	sigmoid	1
353	54	surprise	0.6952031107548107	Ekman	sigmoid	1
354	55	surprise	0.8509956707360948	Ekman	sigmoid	1
355	56	surprise	0.7728873007291762	Ekman	sigmoid	1
356	57	surprise	0.7888101875557072	Ekman	sigmoid	1
357	58	surprise	0.7912313532050425	Ekman	sigmoid	1
358	59	surprise	0.7160474356420301	Ekman	sigmoid	1
359	60	surprise	0.5834289597025708	Ekman	sigmoid	1
